0.1, 0.9897426, 0.010057333076, 0.00020114666152 
0.2, 0.98948379155432, 0.0101149271841691, 0.000403445205203382 
0.3, 0.989223569085281, 0.0101727826741099, 0.00060690085868558 
0.4, 0.988961927019286, 0.0102308998842977, 0.000811518856371533 
0.5, 0.988698859787204, 0.010289279141917, 0.00101730443920987 
0.6, 0.988434361824757, 0.0103479207626978, 0.00122426285446383 
0.7, 0.988168427572919, 0.0104068250507507, 0.00143239935547884 
0.8, 0.987901051478312, 0.0104659922984006, 0.00164171920144685 
0.9, 0.987632227993607, 0.0105254227860202, 0.00185222765716726 
1, 0.987361951577932, 0.0105851167818627, 0.00206392999280451 
1.1, 0.987090216697283, 0.0106450745418928, 0.00227683148364237 
1.2, 0.986817017824939, 0.0107052963096178, 0.00249093740983472 
1.3, 0.98654234944188, 0.0107657823159172, 0.00270625305615307 
1.4, 0.986266206037212, 0.0108265327788722, 0.00292278371173051 
1.5, 0.985988582108595, 0.0108875479035933, 0.00314053466980238 
1.6, 0.985709472162672, 0.0109488278820486, 0.00335951122744335 
1.7, 0.98542887071551, 0.0110103728928897, 0.00357971868530114 
1.8, 0.985146772293034, 0.0110721831012784, 0.00380116234732671 
1.9, 0.984863171431478, 0.0111342586587115, 0.00402384752050094 
2, 0.98457806267783, 0.0111965997028455, 0.00424777951455785 
2.1, 0.984291440590285, 0.0112592063573205, 0.00447296364170426 
2.2, 0.984003299738706, 0.0113220787315832, 0.00469940521633593 
2.3, 0.98371363470508, 0.0113852169207096, 0.00492710955475012 
2.4, 0.983422440083987, 0.0114486210052267, 0.00515608197485465 
2.5, 0.983129710483068, 0.0115122910509339, 0.00538632779587333 
2.6, 0.982835440523503, 0.0115762271087237, 0.0056178523380478 
2.7, 0.982539624840483, 0.0116404292144015, 0.00585066092233583 
2.8, 0.982242258083697, 0.0117048973885055, 0.00608475887010594 
2.9, 0.981943334917817, 0.0117696316361255, 0.00632015150282845 
3, 0.981642850022989, 0.0118346319467211, 0.00655684414176288 
3.1, 0.981340798095327, 0.0118998982939405, 0.00679484210764169 
3.2, 0.981037173847413, 0.011965430635437, 0.00703415072035043 
3.3, 0.980731972008797, 0.012031228912687, 0.00727477529860417 
3.4, 0.980425187326509, 0.0120972930508059, 0.00751672115962028 
3.5, 0.980116814565566, 0.0121636229583652, 0.00775999361878759 
3.6, 0.979806848509491, 0.0122302185272075, 0.00800459798933174 
3.7, 0.979495283960826, 0.0122970796322628, 0.008250539581977 
3.8, 0.979182115741662, 0.0123642061313634, 0.00849782370460426 
3.9, 0.978867338694164, 0.0124315978650589, 0.00874645566190544 
4, 0.978550947681099, 0.0124992546564308, 0.00899644075503406 
4.1, 0.978232937586375, 0.0125671763109074, 0.00924778428125221 
4.2, 0.977913303315581, 0.0126353626160775, 0.00950049153357376 
4.3, 0.977592039796524, 0.0127038133415049, 0.00975456780040385 
4.4, 0.977269141979784, 0.012772528238542, 0.0100100183651747 
4.5, 0.976944604839256, 0.012841507040144, 0.0102668485059776 
4.6, 0.976618423372714, 0.0129107494606823, 0.0105250634951912 
4.7, 0.976290592602359, 0.0129802551957583, 0.0107846685991064 
4.8, 0.975961107575392, 0.0130500239220172, 0.0110456690775467 
4.9, 0.975629963364571, 0.0131200552969614, 0.011308070183486 
5, 0.975297155068784, 0.0131903489587644, 0.0115718771626612 
5.1, 0.974962677813624, 0.0132609045260846, 0.0118370952531829 
5.2, 0.974626526751963, 0.0133317215978789, 0.0121037296851405 
5.3, 0.974288697064532, 0.0134027997532172, 0.0123717856802049 
5.4, 0.973949183960509, 0.0134741385510961, 0.0126412684512268 
5.5, 0.973607982678102, 0.0135457375302537, 0.0129121832018319 
5.6, 0.973265088485144, 0.013617596208984, 0.0131845351260115 
5.7, 0.972920496679682, 0.0136897140849523, 0.0134583294077106 
5.8, 0.972574202590582, 0.0137620906350097, 0.0137335712204108 
5.9, 0.972226201578124, 0.0138347253150096, 0.014010265726711 
5.99999999999999, 0.971876489034608, 0.0139076175596231, 0.0142884180779034 
6.09999999999999, 0.971525060384967, 0.0139807667821556, 0.0145680334135465 
6.19999999999999, 0.971171911087368, 0.0140541723743642, 0.0148491168610338 
6.29999999999999, 0.970817036633835, 0.0141278337062742, 0.0151316735351593 
6.39999999999999, 0.970460432550863, 0.0142017501259983, 0.0154157085376793 
6.49999999999999, 0.970102094400036, 0.0142759209595541, 0.0157012269568704 
6.59999999999999, 0.969742017778655, 0.0143503455106842, 0.015988233867084 
6.69999999999999, 0.96938019832036, 0.0144250230606754, 0.0162767343282975 
6.79999999999999, 0.969016631695761, 0.01449995286818, 0.0165667333856611 
6.89999999999999, 0.968651313613071, 0.0145751341690368, 0.0168582360690419 
6.99999999999999, 0.968284239818739, 0.0146505661760932, 0.0171512473925637 
7.09999999999999, 0.967915406098088, 0.0147262480790287, 0.0174457723541443 
7.19999999999999, 0.967544808275956, 0.0148021790441786, 0.0177418159350279 
7.29999999999999, 0.967172442217336, 0.0148783582143587, 0.0180393830993151 
7.39999999999999, 0.966798303828027, 0.0149547847086917, 0.0183384787934889 
7.49999999999999, 0.966422389055274, 0.0150314576224333, 0.0186391079459376 
7.59999999999999, 0.966044693888427, 0.0151083760268012, 0.0189412754664736 
7.69999999999999, 0.965665214359584, 0.0151855389688034, 0.0192449862458497 
7.79999999999999, 0.965283946544253, 0.0152629454710688, 0.019550245155271 
7.89999999999999, 0.964900886562008, 0.0153405945316785, 0.0198570570459046 
7.99999999999999, 0.964516030577144, 0.015418485123999, 0.0201654267483846 
8.09999999999999, 0.964129374799342, 0.0154966161965159, 0.0204753590723149 
8.19999999999999, 0.96374091548433, 0.0155749866726692, 0.0207868588057683 
8.29999999999999, 0.963350648934551, 0.0156535954506906, 0.0210999307147821 
8.39999999999999, 0.962958571499826, 0.0157324414034417, 0.0214145795428509 
8.49999999999999, 0.962564679578025, 0.0158115233782534, 0.021730810010416 
8.59999999999999, 0.962168969615735, 0.015890840196768, 0.0220486268143514 
8.69999999999999, 0.961771438108935, 0.0159703906547815, 0.022368034627447 
8.79999999999998, 0.961372081603667, 0.016050173522089, 0.0226890380978888 
8.89999999999998, 0.960970896696713, 0.0161301875423304, 0.0230116418487354 
8.99999999999998, 0.960567880036265, 0.016210431432839, 0.0233358504773922 
9.09999999999998, 0.960163028322611, 0.0162909038844914, 0.023661668555082 
9.19999999999998, 0.959756338308807, 0.0163716035615595, 0.0239891006263132 
9.29999999999998, 0.959347806801359, 0.016452529101564, 0.0243181512083445 
9.39999999999998, 0.958937430660901, 0.0165336791151305, 0.0246488247906471 
9.49999999999998, 0.95852520680288, 0.016615052185847, 0.024981125834364 
9.59999999999998, 0.958111132198236, 0.0166966468701242, 0.0253150587717665 
9.69999999999998, 0.957695203874083, 0.0167784616970575, 0.0256506280057076 
9.79999999999998, 0.957277418914396, 0.0168604951682909, 0.0259878379090735 
9.89999999999998, 0.956857774460691, 0.016942745757884, 0.0263266928242311 
9.99999999999998, 0.956436267712714, 0.0170252119121807, 0.0266671970624748 
10.1, 0.956012895929118, 0.0171078920496803, 0.0270093549034684 
10.2, 0.955587656428155, 0.0171907845609114, 0.0273531705946866 
10.3, 0.955160546588356, 0.0172738878083077, 0.0276986483508527 
10.4, 0.954731563849218, 0.0173572001260871, 0.0280457923533745 
10.5, 0.954300705711887, 0.0174407198201325, 0.0283946067497771 
10.6, 0.953867969739843, 0.0175244451678763, 0.0287450956531347 
10.7, 0.953433353559582, 0.0176083744181864, 0.0290972631414984 
10.8, 0.952996854861303, 0.0176925057912562, 0.0294511132573235 
10.9, 0.952558471399587, 0.0177768374784965, 0.0298066500068934 
11, 0.952118200994082, 0.0178613676424308, 0.0301638773597421 
11.1, 0.951676041530179, 0.017946094416593, 0.0305227992480739 
11.2, 0.951231990959701, 0.0180310159054291, 0.0308834195661825 
11.3, 0.950786047301574, 0.018116130184201, 0.0312457421698665 
11.4, 0.950338208642508, 0.0182014352988935, 0.0316097708758444 
11.5, 0.949888473137674, 0.0182869292661251, 0.0319755094611669 
11.6, 0.949436839011381, 0.0183726100730616, 0.0323429616626281 
11.7, 0.948983304557745, 0.018458475677333, 0.0327121311761748 
11.8, 0.948527868141365, 0.0185445240069537, 0.0330830216563139 
11.9, 0.948070528197993, 0.0186307529602464, 0.0334556367155188 
12, 0.9476112832352, 0.0187171604057692, 0.0338299799236342 
12.1, 0.947150131833043, 0.0188037441822463, 0.0342060548072791 
12.2, 0.946687072644733, 0.0188905020985023, 0.0345838648492491 
12.3, 0.94622210439729, 0.0189774319334001, 0.0349634134879171 
12.4, 0.945755225892208, 0.0190645314357828, 0.0353447041166328 
12.5, 0.945286436006109, 0.0191517983244187, 0.0357277400831212 
12.6, 0.944815733691398, 0.0192392302879506, 0.0361125246888802 
12.7, 0.944343117976914, 0.0193268249848491, 0.0364990611885772 
12.8, 0.943868587968577, 0.0194145800433697, 0.0368873527894446 
12.9, 0.943392142850037, 0.0195024930615131, 0.0372774026506748 
13, 0.942913781883311, 0.0195905616069912, 0.0376692138828147 
13.1, 0.942433504409426, 0.0196787832171957, 0.0380627895471586 
13.2, 0.941951309849049, 0.0197671553991713, 0.038458132655142 
13.3, 0.941467197703122, 0.0198556756295936, 0.0388552461677339 
13.4, 0.940981167553491, 0.0199443413547506, 0.0392541329948289 
13.5, 0.940493219063525, 0.0200331499905292, 0.0396547959946395 
13.6, 0.940003351978738, 0.0201220989224052, 0.0400572379730876 
13.7, 0.939511566127405, 0.0202111855054385, 0.0404614616831963 
13.8, 0.93901786142117, 0.0203004070642724, 0.0408674698244818 
13.9, 0.938522237855655, 0.0203897608931378, 0.0412752650423445 
14, 0.938024695511063, 0.0204792442558616, 0.0416848499274618 
14.1, 0.937525234552771, 0.0205688543858798, 0.0420962270151794 
14.2, 0.937023855231923, 0.0206585884862556, 0.0425093987849045 
14.3, 0.93652055788602, 0.0207484437297019, 0.0429243676594985 
14.4, 0.936015342939498, 0.020838417258609, 0.0433411360046707 
14.5, 0.935508210904306, 0.0209285061850764, 0.0437597061283722 
14.6, 0.934999162380475, 0.0210187075909508, 0.0441800802801912 
14.7, 0.934488198056687, 0.0211090185278677, 0.0446022606507486 
14.8, 0.933975318710828, 0.0211994360172985, 0.0450262493710946 
14.9, 0.933460525210549, 0.0212899570506033, 0.0454520485121066 
15, 0.932943818513805, 0.0213805785890876, 0.0458796600838884 
15.1, 0.9324251996694, 0.0214712975640653, 0.0463090860351697 
15.2, 0.931904669817524, 0.0215621108769258, 0.0467403282527082 
15.3, 0.931382230190273, 0.0216530153992075, 0.0471733885606924 
15.4, 0.930857882112179, 0.0217440079726754, 0.0476082687201459 
15.5, 0.930331627000717, 0.021835085409405, 0.048044970428334 
15.6, 0.929803466366816, 0.021926244491871, 0.0484834953181714 
15.7, 0.92927340181536, 0.0220174819730415, 0.0489238449576322 
15.8, 0.928741435045675, 0.0221087945764778, 0.0493660208491618 
15.9, 0.92820756785202, 0.0222001789964395, 0.0498100244290906 
16, 0.927671802124064, 0.0222916318979954, 0.0502558570670505 
16.1, 0.927134139847351, 0.0223831499171396, 0.0507035200653933 
16.2, 0.926594583103768, 0.0224747296609133, 0.0511530146586115 
16.3, 0.926053134071995, 0.0225663677075327, 0.0516043420127622 
16.4, 0.92550979502795, 0.0226580606065217, 0.0520575032248926 
16.5, 0.924964568345231, 0.022749804878851, 0.0525124993224697 
16.6, 0.924417456495538, 0.0228415970170828, 0.0529693312628113 
16.7, 0.923868462049101, 0.022933433485521, 0.0534279999325217 
16.8, 0.923317587675083, 0.0230253107203675, 0.0538885061469291 
16.9, 0.922764836141988, 0.0231172251298841, 0.0543508506495268 
17, 0.922210210318053, 0.0232091730945604, 0.054815034111418 
17.1, 0.921653713171631, 0.0233011509672876, 0.0552810571307637 
17.2, 0.921095347771566, 0.0233931550735378, 0.0557489202322345 
17.3, 0.92053511728756, 0.02348518171155, 0.0562186238664655 
17.4, 0.919973024990525, 0.0235772271525213, 0.0566901684095159 
17.5, 0.919409074252931, 0.0236692876408044, 0.057163554162332 
17.6, 0.918843268549141, 0.0237613593941111, 0.0576387813502142 
17.7, 0.918275611455739, 0.0238534386037217, 0.0581158501222886 
17.8, 0.917706106651841, 0.0239455214347005, 0.0585947605509827 
17.9, 0.917134757919403, 0.0240376040261175, 0.059075512631505 
18, 0.916561569143518, 0.0241296824912755, 0.0595581062813305 
18.1, 0.915986544312692, 0.0242217529179442, 0.0600425413396894 
18.2, 0.915409687519127, 0.0243138113685996, 0.0605288175670614 
18.3, 0.914831002958976, 0.02440585388067, 0.0610169346446748 
18.4, 0.9142504949326, 0.0244978764667876, 0.0615068921740105 
18.5, 0.913668167844801, 0.0245898751150468, 0.0619986896763115 
18.6, 0.91308402620506, 0.024681845789268, 0.0624923265920968 
18.7, 0.912498074627746, 0.0247737844292677, 0.0629878022806822 
18.8, 0.91191031783233, 0.0248656869511352, 0.0634851160197049 
18.9, 0.911320760643571, 0.0249575492475146, 0.0639842670046552 
19, 0.910729407991706, 0.0250493671878932, 0.0644852543484131 
19.1, 0.910136264912616, 0.0251411366188965, 0.064988077080791 
19.2, 0.909541336547989, 0.0252328533645885, 0.0654927341480828 
19.3, 0.908944628145461, 0.0253245132267783, 0.0659992244126183 
19.4, 0.908346145058756, 0.0254161119853336, 0.066507546652325 
19.5, 0.907745892747805, 0.0255076453984989, 0.067017699560295 
19.6, 0.907143876778857, 0.0255991092032206, 0.0675296817443594 
19.7, 0.906540102824575, 0.0256904991154781, 0.068043491726669 
19.8, 0.905934576664121, 0.0257818108306208, 0.0685591279432814 
19.9, 0.905327304183229, 0.0258730400237108, 0.0690765887437556 
20, 0.904718291374261, 0.0259641823498722, 0.069595872390753 
20.1, 0.904107544336256, 0.0260552334446459, 0.070116977059646 
20.2, 0.903495069274961, 0.0261461889243501, 0.070639900838133 
20.3, 0.90288087250285, 0.0262370443864478, 0.0711646417258619 
20.4, 0.902264960439134, 0.0263277954099187, 0.0716911976340603 
20.5, 0.901647339609751, 0.026418437555638, 0.0722195663851731 
20.6, 0.901028016647345, 0.0265089663667609, 0.0727497457125083 
20.7, 0.900406998291236, 0.0265993773691123, 0.0732817332598905 
20.8, 0.899784291387369, 0.0266896660715827, 0.0738155265813222 
20.9, 0.899159902888256, 0.0267798279665302, 0.0743511231406528 
21, 0.898533839852898, 0.0268698585301871, 0.0748885203112565 
21.1, 0.897906109446701, 0.0269597532230732, 0.075427715375718 
21.2, 0.897276718941369, 0.0270495074904139, 0.0759687055255263 
21.3, 0.896645675714789, 0.0271391167625645, 0.0765114878607776 
21.4, 0.896012987250905, 0.0272285764554394, 0.0770560593898864 
21.5, 0.895378661139565, 0.0273178819709472, 0.0776024170293053 
21.6, 0.894742705076373, 0.027407028697431, 0.0781505576032539 
21.7, 0.894105126862507, 0.0274960120101138, 0.0787004778434562 
21.8, 0.893465934404538, 0.0275848272715499, 0.0792521743888872 
21.9, 0.892825135714225, 0.0276734698320807, 0.0798056437855288 
22, 0.892182738908304, 0.027761935030296, 0.0803608824861347 
22.1, 0.891538752208253, 0.0278502181935008, 0.0809178868500047 
22.2, 0.890893183940052, 0.0279383146381864, 0.0814766531427685 
22.3, 0.890246042533922, 0.0280262196705072, 0.0820371775361786 
22.4, 0.889597336524052, 0.0281139285867618, 0.0825994561079139 
22.5, 0.888947074548311, 0.0282014366738794, 0.0831634848413915 
22.6000000000001, 0.88829526534795, 0.0282887392099107, 0.0837292596255897 
22.7000000000001, 0.887641917767276, 0.0283758314645236, 0.0842967762548801 
22.8000000000001, 0.886987040753331, 0.0284627086995035, 0.0848660304288702 
22.9000000000001, 0.88633064335554, 0.0285493661692585, 0.0854370177522554 
23.0000000000001, 0.885672734725351, 0.0286357991213282, 0.0860097337346819 
23.1000000000001, 0.885013324115862, 0.0287220027968978, 0.0865841737906199 
23.2000000000001, 0.884352420881427, 0.0288079724313158, 0.0871603332392462 
23.3000000000001, 0.883690034477259, 0.0288937032546168, 0.0877382073043386 
23.4000000000001, 0.883026174459003, 0.0289791904920473, 0.0883177911141795 
23.5000000000001, 0.882360850482306, 0.0290644293645965, 0.0888990797014714 
23.6000000000001, 0.88169407230237, 0.0291494150895305, 0.089482068003262 
23.7000000000001, 0.881025849773486, 0.0292341428809309, 0.0900667508608806 
23.8000000000001, 0.88035619284856, 0.0293186079502363, 0.0906531230198854 
23.9000000000001, 0.879685111578618, 0.0294028055067885, 0.0912411791300211 
24.0000000000001, 0.879012616112301, 0.0294867307583814, 0.0918309137451888 
24.1000000000001, 0.878338716695344, 0.029570378911814, 0.0924223213234251 
24.2000000000001, 0.877663423670038, 0.0296537451734468, 0.093015396226894 
24.3000000000001, 0.876986747474685, 0.0297368247497606, 0.0936101327218892 
24.4000000000001, 0.87630869864303, 0.0298196128479196, 0.0942065249788476 
24.5000000000001, 0.875629287803681, 0.0299021046763369, 0.0948045670723743 
24.6000000000001, 0.87494852567952, 0.0299842954452433, 0.0954042529812792 
24.7000000000001, 0.874266423087093, 0.0300661803672587, 0.0960055765886244 
24.8000000000001, 0.873582990935988, 0.030147754657966, 0.0966085316817837 
24.9000000000001, 0.872898240228201, 0.0302290135364887, 0.0972131119525135 
25.0000000000001, 0.872212182057486, 0.0303099522260697, 0.0978193109970349 
25.1000000000001, 0.871524827608687, 0.0303905659546533, 0.0984271223161279 
25.2000000000001, 0.870836188157069, 0.0304708499554692, 0.0990365393152373 
25.3000000000001, 0.870146275067616, 0.0305507994676191, 0.0996475553045897 
25.4000000000001, 0.869455099794331, 0.0306304097366646, 0.100260163499323 
25.5000000000001, 0.868762673879519, 0.0307096760152174, 0.100874357019627 
25.6000000000001, 0.868069008953046, 0.0307885935635318, 0.101490128890898 
25.7000000000001, 0.8673741167316, 0.0308671576500982, 0.1021074720439 
25.8000000000001, 0.866678009017928, 0.0309453635522382, 0.102726379314945 
25.9000000000001, 0.865980697700062, 0.0310232065567017, 0.103346843446079 
26.0000000000001, 0.865282194750531, 0.0311006819602648, 0.103968857085284 
26.1000000000001, 0.864582512225566, 0.031177785070329, 0.104592412786691 
26.2000000000001, 0.863881662264281, 0.0312545112055215, 0.105217503010801 
26.3000000000001, 0.86317965708785, 0.0313308556962967, 0.105844120124727 
26.4000000000001, 0.862476508998669, 0.0314068138855377, 0.106472256402438 
26.5000000000001, 0.861772230379501, 0.0314823811291595, 0.107101904025021 
26.6000000000001, 0.861066833692614, 0.0315575527967121, 0.107733055080955 
26.7000000000001, 0.860360331478905, 0.0316323242719837, 0.108365701566395 
26.8000000000001, 0.859652736357006, 0.0317066909536054, 0.108999835385467 
26.9000000000001, 0.85894406102239, 0.0317806482556543, 0.10963544835058 
27.0000000000001, 0.85823431824645, 0.0318541916082584, 0.110272532182745 
27.1000000000001, 0.857523520875576, 0.0319273164581998, 0.110911078511909 
27.2000000000001, 0.856811681830221, 0.0320000182695186, 0.1115510788773 
27.3000000000001, 0.856098814103947, 0.032072292524116, 0.112192524727782 
27.4000000000001, 0.855384930762464, 0.0321441347223572, 0.112835407422229 
27.5000000000001, 0.854670044942662, 0.0322155403836729, 0.113479718229902 
27.6000000000001, 0.853954169851626, 0.0322865050471606, 0.114125448330846 
27.7000000000001, 0.853237318765637, 0.0323570242721849, 0.114772588816289 
27.8000000000001, 0.852519505029173, 0.0324270936389765, 0.115421130689069 
27.9000000000001, 0.851800742053888, 0.0324967087492295, 0.116071064864053 
28.0000000000001, 0.851081043317589, 0.0325658652266987, 0.116722382168587 
28.1000000000001, 0.850360422363193, 0.0326345587177935, 0.117375073342943 
28.2000000000001, 0.849638892797686, 0.0327027848921717, 0.118029129040787 
28.3000000000001, 0.848916468291059, 0.0327705394433308, 0.118684539829653 
28.4000000000001, 0.848193162575245, 0.0328378180891973, 0.119341296191437 
28.5000000000001, 0.847468989443039, 0.0329046165727141, 0.119999388522892 
28.6000000000001, 0.846743962747012, 0.0329709306624256, 0.12065880713614 
28.7000000000001, 0.846018096398413, 0.0330367561530603, 0.121319542259201 
28.8000000000001, 0.845291404366067, 0.0331020888661114, 0.121981584036524 
28.9000000000001, 0.844563900675255, 0.033166924650414, 0.122644922529532 
29.0000000000001, 0.843835599406595, 0.03323125938272, 0.123309547717186 
29.1000000000001, 0.843106514694908, 0.0332950889682698, 0.123975449496552 
29.2000000000001, 0.842376660728079, 0.0333584093413616, 0.124642617683379 
29.3000000000001, 0.841646051745906, 0.033421216465916, 0.125311042012697 
29.4000000000001, 0.840914702038946, 0.0334835063360393, 0.125980712139418 
29.5000000000001, 0.840182625947348, 0.0335452749765813, 0.12665161763895 
29.6000000000002, 0.839449837859681, 0.033606518443691, 0.127323748007823 
29.7000000000002, 0.838716352211758, 0.0336672328253675, 0.127997092664331 
29.8000000000002, 0.837982183485445, 0.0337274142420079, 0.128671640949171 
29.9000000000002, 0.837247346207469, 0.0337870588469504, 0.12934738212611 
30.0000000000002, 0.836511854948219, 0.0338461628270134, 0.13002430538265 
30.1000000000002, 0.835775724320537, 0.0339047224030308, 0.130702399830711 
30.2000000000002, 0.835038968978506, 0.0339627338303823, 0.131381654507318 
30.3000000000002, 0.834301603616229, 0.0340201933995195, 0.132062058375309 
30.4000000000002, 0.833563642966606, 0.034077097436487, 0.132743600324039 
30.5000000000002, 0.832825101800103, 0.0341334423034387, 0.133426269170107 
30.6000000000002, 0.832085994923514, 0.0341892243991496, 0.13411005365809 
30.7000000000002, 0.831346337178718, 0.0342444401595222, 0.134794942461281 
30.8000000000002, 0.830606143441439, 0.0342990860580873, 0.135480924182443 
30.9000000000002, 0.829865428619988, 0.0343531586065001, 0.136167987354573 
31.0000000000002, 0.82912420765401, 0.0344066543550308, 0.136856120441673 
31.1000000000002, 0.828382495513227, 0.0344595698930491, 0.137545311839534 
31.2000000000002, 0.827640307196167, 0.0345119018495035, 0.138235549876524 
31.3000000000002, 0.826897657728902, 0.0345636468933947, 0.138926822814392 
31.4000000000002, 0.826154562163775, 0.0346148017342427, 0.139619118849077 
31.5000000000002, 0.825411035578125, 0.0346653631225485, 0.140312426111528 
31.6000000000002, 0.82466709307301, 0.0347153278502489, 0.141006732668533 
31.7000000000002, 0.823922749771923, 0.0347646927511658, 0.141702026523556 
31.8000000000002, 0.823178020819514, 0.0348134547014484, 0.142398295617585 
31.9000000000002, 0.822432921380299, 0.0348616106200092, 0.143095527829985 
32.0000000000002, 0.821687466637377, 0.0349091574689536, 0.143793710979364 
32.1000000000002, 0.820941671791136, 0.0349560922540025, 0.144492832824444 
32.2000000000002, 0.820195552057964, 0.035002412024908, 0.145192881064943 
32.3000000000002, 0.819449122668957, 0.0350481138758627, 0.14589384334246 
32.4000000000002, 0.818702398868621, 0.0350931949459011, 0.146595707241378 
32.5000000000002, 0.81795539591358, 0.0351376524192951, 0.147298460289764 
32.6000000000002, 0.817208129071282, 0.035181483525941, 0.148002089960283 
32.7000000000002, 0.816460613618697, 0.0352246855417399, 0.148706583671117 
32.8000000000002, 0.815712864841027, 0.0352672557889709, 0.149411928786897 
32.9000000000002, 0.814964898030404, 0.0353091916366561, 0.15011811261963 
33.0000000000002, 0.8142167284846, 0.0353504905009187, 0.150825122429648 
33.1000000000002, 0.813468371505725, 0.0353911498453328, 0.151532945426555 
33.2000000000002, 0.812719842398934, 0.0354311671812662, 0.15224156877018 
33.3000000000002, 0.811971156471137, 0.0354705400682145, 0.152950979571545 
33.4000000000002, 0.811222329029702, 0.0355092661141283, 0.153661164893827 
33.5000000000002, 0.810473375381161, 0.0355473429757312, 0.154372111753342 
33.6000000000002, 0.80972431082993, 0.0355847683588309, 0.155083807120518 
33.7000000000002, 0.808975150677009, 0.0356215400186214, 0.155796237920891 
33.8000000000002, 0.808225910218708, 0.0356576557599775, 0.15650939103609 
33.9000000000002, 0.807476604745353, 0.0356931134377403, 0.157223253304845 
34.0000000000002, 0.806727249540014, 0.0357279109569954, 0.157937811523985 
34.1000000000002, 0.805977859877222, 0.0357620462733416, 0.158653052449452 
34.2000000000002, 0.805228451021696, 0.035795517393152, 0.159368962797315 
34.3000000000002, 0.804479038227072, 0.0358283223738263, 0.160085529244791 
34.4000000000002, 0.803729636734633, 0.0358604593240343, 0.160802738431272 
34.5000000000002, 0.802980261772046, 0.0358919264039509, 0.161520576959351 
34.6000000000002, 0.802230928552103, 0.0359227218254825, 0.162239031395861 
34.7000000000002, 0.801481652271463, 0.0359528438524851, 0.162958088272911 
34.8000000000002, 0.800732448109399, 0.0359822908009722, 0.16367773408893 
34.9000000000002, 0.799983331226556, 0.036011061039316, 0.164397955309716 
35.0000000000002, 0.799234316763704, 0.0360391529884378, 0.165118738369485 
35.1000000000002, 0.798485419840502, 0.0360665651219904, 0.165840069671925 
35.2000000000002, 0.797736655554268, 0.036093295966532, 0.166561935591255 
35.3000000000002, 0.796988038978749, 0.0361193441016902, 0.167284322473289 
35.4000000000002, 0.796239585162904, 0.0361447081603174, 0.168007216636496 
35.5000000000002, 0.795491309129687, 0.0361693868286376, 0.168730604373068 
35.6000000000002, 0.79474322587484, 0.0361933788463836, 0.169454471949996 
35.7000000000002, 0.793995350365688, 0.0362166830069253, 0.170178805610135 
35.8000000000002, 0.793247697539946, 0.036239298157389, 0.170903591573282 
35.9000000000002, 0.792500282304527, 0.0362612231987677, 0.171628816037258 
36.0000000000002, 0.791753119534362, 0.036282457086022, 0.172354465178978 
36.1000000000002, 0.791006224071224, 0.0363029988281723, 0.173080525155542 
36.2000000000002, 0.79025961072256, 0.0363228474883811, 0.173806982105309 
36.3000000000002, 0.789513294260331, 0.0363420021840277, 0.17453382214899 
36.4000000000002, 0.788767289419859, 0.0363604620867716, 0.175261031390725 
36.5000000000002, 0.78802161089868, 0.0363782264226087, 0.175988595919177 
36.6000000000003, 0.787276273355414, 0.0363952944719176, 0.176716501808616 
36.7000000000003, 0.786531291408626, 0.0364116655694963, 0.177444735120006 
36.8000000000003, 0.785786679635715, 0.0364273391045907, 0.178173281902097 
36.9000000000003, 0.785042452571798, 0.0364423145209136, 0.178902128192516 
37.0000000000003, 0.784298624708607, 0.036456591316654, 0.179631260018849 
37.1000000000003, 0.783555210493396, 0.0364701690444788, 0.180360663399738 
37.2000000000003, 0.782812224327854, 0.0364830473115235, 0.181090324345969 
37.3000000000003, 0.782069680567033, 0.036495225779376, 0.181820228861556 
37.4000000000003, 0.781327593518278, 0.0365067041640492, 0.182550362944837 
37.5000000000003, 0.780585977440172, 0.0365174822359466, 0.183280712589556 
37.6000000000003, 0.779844846541487, 0.0365275598198174, 0.184011263785953 
37.7000000000003, 0.779104214980149, 0.0365369367947035, 0.184742002521847 
37.8000000000003, 0.77836409686221, 0.0365456130938778, 0.185472914783724 
37.9000000000003, 0.777624506240827, 0.0365535887047725, 0.18620398655782 
38.0000000000003, 0.776885457115262, 0.0365608636689, 0.186935203831198 
38.1000000000003, 0.77614696342988, 0.0365674380817637, 0.187666552592833 
38.2000000000003, 0.775409039073163, 0.0365733120927615, 0.188398018834688 
38.3000000000003, 0.774671697876738, 0.036578485905079, 0.18912958855279 
38.4000000000003, 0.77393495361441, 0.0365829597755755, 0.189861247748301 
38.5000000000003, 0.773198820001208, 0.0365867340146603, 0.190592982428595 
38.6000000000003, 0.772463310692445, 0.0365898089861612, 0.191324778608318 
38.7000000000003, 0.771728439282781, 0.0365921851071841, 0.192056622310461 
38.8000000000003, 0.770994219305311, 0.0365938628479645, 0.192788499567421 
38.9000000000003, 0.770260664230647, 0.0365948427317103, 0.193520396422055 
39.0000000000003, 0.769527787466028, 0.0365951253344361, 0.194252298928744 
39.1000000000003, 0.768795602354432, 0.0365947112847902, 0.194984193154439 
39.2000000000003, 0.768064122173697, 0.0365936012638723, 0.195716065179717 
39.3000000000003, 0.767333360135667, 0.0365917960050439, 0.196447901099818 
39.4000000000003, 0.766603329385337, 0.0365892962937301, 0.197179687025692 
39.5000000000003, 0.765874043000012, 0.0365861029672136, 0.197911409085037 
39.6000000000003, 0.765145513988487, 0.0365822169144211, 0.198643053423325 
39.7000000000003, 0.764417755290228, 0.0365776390757015, 0.199374606204839 
39.8000000000003, 0.76369077977457, 0.0365723704425964, 0.200106053613691 
39.9000000000003, 0.762964600239931, 0.0365664120576031, 0.200837381854843 
40.0000000000003, 0.762239229413029, 0.0365597650139299, 0.201568577155122 
40.1000000000003, 0.761514679948124, 0.0365524304552439, 0.202299625764227 
40.2000000000003, 0.760790964426259, 0.0365444095754114, 0.203030513955735 
40.3000000000003, 0.760068095354522, 0.036535703618231, 0.203761228028099 
40.4000000000003, 0.759346085165322, 0.0365263138771592, 0.204491754305643 
40.5000000000003, 0.75862494621567, 0.0365162416950295, 0.205222079139543 
40.6000000000003, 0.757904690786481, 0.0365054884637633, 0.205952188908818 
40.7000000000003, 0.757185331081881, 0.0364940556240753, 0.2066820700213 
40.8000000000003, 0.756466879228535, 0.0364819446651706, 0.207411708914603 
40.9000000000003, 0.75574934727498, 0.0364691571244358, 0.208141092057092 
41.0000000000003, 0.755032747190976, 0.0364556945871235, 0.208870205948835 
41.1000000000003, 0.754317090866869, 0.0364415586860298, 0.209599037122555 
41.2000000000003, 0.753602390112967, 0.0364267511011653, 0.210327572144578 
41.3000000000003, 0.752888656658926, 0.0364112735594201, 0.211055797615767 
41.4000000000003, 0.752175902153153, 0.0363951278342224, 0.211783700172451 
41.5000000000003, 0.751464138162224, 0.0363783157451904, 0.212511266487355 
41.6000000000003, 0.750753376170303, 0.0363608391577789, 0.213238483270511 
41.7000000000003, 0.750043627578593, 0.0363426999829196, 0.213965337270169 
41.8000000000003, 0.749334903704782, 0.0363239001766551, 0.214691815273702 
41.9000000000003, 0.748627215782514, 0.0363044417397679, 0.215417904108498 
42.0000000000003, 0.74792057496087, 0.0362843267174032, 0.216143590642846 
42.1000000000003, 0.747214992303855, 0.0362635571986864, 0.216868861786819 
42.2000000000003, 0.746510478789914, 0.0362421353163351, 0.217593704493146 
42.3000000000003, 0.745807045311442, 0.0362200632462658, 0.218318105758071 
42.4000000000003, 0.745104702674324, 0.0361973432071953, 0.219042052622215 
42.5000000000003, 0.744403461597477, 0.0361739774602372, 0.21976553217142 
42.6000000000003, 0.743703332712407, 0.0361499683084931, 0.22048853153759 
42.7000000000003, 0.743004326562786, 0.0361253180966395, 0.221211037899523 
42.8000000000003, 0.742306453604035, 0.0361000292105092, 0.221933038483733 
42.9000000000003, 0.741609724202921, 0.0360741040766686, 0.222654520565266 
43.0000000000003, 0.740914148637167, 0.0360475451619904, 0.223375471468506 
43.1000000000003, 0.740219737095078, 0.0360203549732216, 0.22409587856797 
43.2000000000003, 0.739526499675181, 0.0359925360565477, 0.224815729289101 
43.3000000000003, 0.738834446385869, 0.0359640909971522, 0.225535011109044 
43.4000000000003, 0.738143587145066, 0.0359350224187724, 0.22625371155742 
43.5000000000003, 0.737453931779905, 0.0359053329832514, 0.226971818217085 
43.6000000000003, 0.736765490026416, 0.0358750253900855, 0.227689318724887 
43.7000000000004, 0.736078271529224, 0.035844102375969, 0.228406200772406 
43.8000000000004, 0.735392285841267, 0.0358125667143346, 0.229122452106693 
43.9000000000004, 0.734707542423521, 0.0357804212148907, 0.229838060530991 
44.0000000000004, 0.734024050644742, 0.035747668723155, 0.230553013905454 
44.1000000000004, 0.733341819781213, 0.0357143121199856, 0.231267300147853 
44.2000000000004, 0.732660859016513, 0.0356803543211082, 0.231980907234275 
44.3000000000004, 0.731981177441293, 0.0356457982766408, 0.232693823199808 
44.4000000000004, 0.731302784053065, 0.035610646970615, 0.233406036139221 
44.5000000000004, 0.730625687756005, 0.0355749034204956, 0.234117534207631 
44.6000000000004, 0.729949897360765, 0.0355385706766963, 0.234828305621164 
44.7000000000004, 0.729275421584303, 0.0355016518220939, 0.235538338657606 
44.8000000000004, 0.728602269049716, 0.0354641499715394, 0.236247621657037 
44.9000000000004, 0.727930448286097, 0.0354260682713672, 0.236956143022464 
45.0000000000004, 0.727259967728394, 0.0353874098989021, 0.237663891220442 
45.1000000000004, 0.726590835717287, 0.0353481780619642, 0.238370854781682 
45.2000000000004, 0.725923060499069, 0.0353083759983719, 0.239077022301649 
45.3000000000004, 0.725256650225554, 0.035268006975443, 0.239782382441158 
45.4000000000004, 0.724591612953976, 0.0352270742894944, 0.240486923926948 
45.5000000000004, 0.72392795664692, 0.0351855812653396, 0.241190635552255 
45.6000000000004, 0.72326568917225, 0.0351435312557857, 0.24189350617737 
45.7000000000004, 0.722604818303055, 0.0351009276411279, 0.242595524730193 
45.8000000000004, 0.721945351717605, 0.0350577738286441, 0.243296680206766 
45.9000000000004, 0.721287296999319, 0.0350140732520868, 0.243996961671808 
46.0000000000004, 0.720630661636742, 0.0349698293711755, 0.244696358259231 
46.1000000000004, 0.719975453023538, 0.0349250456710873, 0.245394859172653 
46.2000000000004, 0.719321678458487, 0.0348797256619471, 0.246092453685892 
46.3000000000004, 0.718669345145496, 0.0348338728783166, 0.246789131143458 
46.4000000000004, 0.718018460193628, 0.0347874908786837, 0.247484880961032 
46.5000000000004, 0.717369030617125, 0.0347405832449504, 0.248179692625931 
46.6000000000004, 0.716721063335462, 0.034693153581921, 0.248873555697569 
46.7000000000004, 0.716074565173394, 0.0346452055167899, 0.249566459807905 
46.8000000000004, 0.715429542861024, 0.0345967426986294, 0.250258394661878 
46.9000000000004, 0.714786003033876, 0.034547768797877, 0.250949350037835 
47.0000000000004, 0.714143952232984, 0.0344982875058233, 0.251639315787952 
47.1000000000004, 0.713503396904983, 0.0344483025340998, 0.252328281838634 
47.2000000000004, 0.712864343402215, 0.0343978176141674, 0.253016238190917 
47.3000000000004, 0.712226797982847, 0.0343468364968044, 0.253703174920853 
47.4000000000004, 0.711590766810994, 0.034295362951596, 0.254389082179885 
47.5000000000004, 0.710956255956854, 0.0342434007664235, 0.255073950195213 
47.6000000000004, 0.71032327139685, 0.0341909537469552, 0.255757769270152 
47.7000000000004, 0.70969181901379, 0.0341380257161369, 0.256440529784475 
47.8000000000004, 0.709061904597021, 0.0340846205136843, 0.257122222194749 
47.9000000000004, 0.70843353384261, 0.0340307419955756, 0.25780283703466 
48.0000000000004, 0.707806712353518, 0.0339763940335459, 0.258482364915331 
48.1000000000004, 0.707181445639797, 0.033921580514582, 0.259160796525623 
48.2000000000004, 0.706557739118783, 0.0338663053404191, 0.259838122632431 
48.3000000000004, 0.705935598115308, 0.0338105724270383, 0.260514334080972 
48.4000000000004, 0.705315027861917, 0.033754385704166, 0.261189421795055 
48.5000000000004, 0.704696033499089, 0.0336977491147747, 0.261863376777351 
48.6000000000004, 0.704078620075474, 0.0336406666145851, 0.262536190109643 
48.7000000000004, 0.703462792548135, 0.0335831421715702, 0.263207852953074 
48.8000000000004, 0.702848555782797, 0.0335251797654611, 0.263878356548383 
48.9000000000004, 0.702235914554103, 0.0334667833872548, 0.264547692216128 
49.0000000000004, 0.701624873545886, 0.0334079570387236, 0.265215851356903 
49.1000000000004, 0.701015437351435, 0.0333487047319266, 0.265882825451541 
49.2000000000004, 0.700407610473784, 0.0332890304887238, 0.266548606061316 
49.3000000000004, 0.699801397325994, 0.0332289383402919, 0.267213184828122 
49.4000000000004, 0.699196802231457, 0.0331684323266421, 0.267876553474654 
49.5000000000004, 0.698593829424194, 0.033107516496141, 0.268538703804577 
49.6000000000004, 0.697992483049168, 0.0330461949050332, 0.269199627702678 
49.7000000000004, 0.697392767162603, 0.032984471616967, 0.269859317135017 
49.8000000000004, 0.69679468573231, 0.0329223507025218, 0.270517764149068 
49.9000000000004, 0.696198242638016, 0.0328598362387392, 0.271174960873842 
50.0000000000004, 0.695603441671703, 0.0327969323086557, 0.271830899520016 
50.1000000000004, 0.695010286537959, 0.0327336430008391, 0.272485572380032 
50.2000000000004, 0.694418780854321, 0.032669972408927, 0.273138971828211 
50.3000000000004, 0.693828928151642, 0.0326059246311684, 0.273791090320834 
50.4000000000004, 0.693240731874447, 0.0325415037699687, 0.274441920396234 
50.5000000000004, 0.692654195381313, 0.0324767139314367, 0.275091454674862 
50.6000000000004, 0.692069321945236, 0.032411559224936, 0.275739685859361 
50.7000000000005, 0.69148611475402, 0.0323460437626381, 0.276386606734614 
50.8000000000005, 0.690904576910664, 0.0322801716590799, 0.277032210167795 
50.9000000000005, 0.690324711433753, 0.0322139470307235, 0.27767648910841 
51.0000000000005, 0.689746521257862, 0.0321473739955202, 0.27831943658832 
51.1000000000005, 0.689170009233956, 0.0320804566724766, 0.27896104572177 
51.2000000000005, 0.688595178129805, 0.0320131991812257, 0.279601309705394 
51.3000000000005, 0.688022030630395, 0.0319456056415999, 0.280240221818226 
51.4000000000005, 0.68745056933835, 0.0318776801732084, 0.280877775421691 
51.5000000000005, 0.68688079677436, 0.0318094268950183, 0.281513963959591 
51.6000000000005, 0.686312715377604, 0.0317408499249379, 0.28214878095809 
51.7000000000005, 0.685746327506194, 0.0316719533794059, 0.282782220025678 
51.8000000000005, 0.685181635437608, 0.0316027413729819, 0.283414274853137 
51.9000000000005, 0.684618641369133, 0.0315332180179424, 0.284044939213496 
52.0000000000005, 0.68405734741832, 0.0314633874238794, 0.284674206961974 
52.1000000000005, 0.683497755623428, 0.0313932536973036, 0.28530207203592 
52.2000000000005, 0.682939867943889, 0.0313228209412511, 0.285928528454745 
52.3000000000005, 0.682383686260761, 0.0312520932548934, 0.286553570319843 
52.4000000000005, 0.681829212377196, 0.0311810747331527, 0.287177191814506 
52.5000000000005, 0.68127644801891, 0.0311097694663197, 0.287799387203832 
52.6000000000005, 0.680725394834652, 0.0310381815396758, 0.288420150834626 
52.7000000000005, 0.68017605439668, 0.0309663150331202, 0.289039477135288 
52.8000000000005, 0.67962842820124, 0.0308941740207996, 0.289657360615704 
52.9000000000005, 0.679082517669052, 0.0308217625707427, 0.290273795867119 
53.0000000000005, 0.678538324145788, 0.0307490847444991, 0.290888777562009 
53.1000000000005, 0.677995848902567, 0.0306761445967815, 0.291502300453945 
53.2000000000005, 0.677455093136447, 0.0306029461751128, 0.292114359377447 
53.3000000000005, 0.676916057970913, 0.0305294935194765, 0.292724949247836 
53.4000000000005, 0.676378744456381, 0.0304557906619724, 0.293334065061076 
53.5000000000005, 0.675843153570698, 0.0303818416264753, 0.293941701893605 
53.6000000000005, 0.675309286219638, 0.030307650428299, 0.294547854902171 
53.7000000000005, 0.674777143237417, 0.0302332210738634, 0.295152519323649 
53.8000000000005, 0.674246725387193, 0.030158557560367, 0.295755690474856 
53.9000000000005, 0.673718033361579, 0.0300836638754631, 0.296357363752365 
54.0000000000005, 0.673191067783154, 0.0300085439969398, 0.296957534632304 
54.1000000000005, 0.67266582920498, 0.0299332018924053, 0.297556198670152 
54.2000000000005, 0.672142318111116, 0.0298576415189769, 0.298153351500532 
54.3000000000005, 0.671620534917134, 0.0297818668229742, 0.298748988836991 
54.4000000000005, 0.671100479970646, 0.029705881739617, 0.299343106471784 
54.5000000000005, 0.670582153551817, 0.0296296901927275, 0.299935700275638 
54.6000000000005, 0.670065555873896, 0.0295532960944363, 0.300526766197527 
54.7000000000005, 0.669550687083735, 0.0294767033448937, 0.301116300264425 
54.8000000000005, 0.669037547262319, 0.0293999158319842, 0.301704298581064 
54.9000000000005, 0.668526136425292, 0.0293229374310466, 0.302290757329685 
55.0000000000005, 0.668016454523487, 0.0292457720045971, 0.302875672769777 
55.1000000000005, 0.667508501443455, 0.0291684234020581, 0.303459041237818 
55.2000000000005, 0.667002277007996, 0.0290908954594905, 0.304040859147008 
55.3000000000005, 0.666497780976692, 0.0290131919993305, 0.304621122986995 
55.4000000000005, 0.665995013046441, 0.0289353168301308, 0.305199829323598 
55.5000000000005, 0.665493972851986, 0.0288572737463066, 0.305776974798524 
55.6000000000005, 0.664994659966457, 0.028779066527885, 0.306352556129081 
55.7000000000005, 0.664497073901901, 0.0287006989402599, 0.306926570107887 
55.8000000000005, 0.664001214109818, 0.0286221747339502, 0.307499013602566 
55.9000000000005, 0.663507079981699, 0.0285434976443629, 0.308069883555453 
56.0000000000005, 0.663014670849562, 0.0284646713915605, 0.308639176983284 
56.1000000000005, 0.662523985986491, 0.0283856996800327, 0.309206890976885 
56.2000000000005, 0.662035024607168, 0.0283065861984723, 0.309773022700854 
56.3000000000005, 0.661547785868417, 0.0282273346195552, 0.310337569393245 
56.4000000000005, 0.661062268869735, 0.0281479485997256, 0.31090052836524 
56.5000000000005, 0.660578472653835, 0.0280684317789841, 0.311461897000819 
56.6000000000005, 0.660096396207182, 0.0279887877806812, 0.312021672756433 
56.7000000000005, 0.659616038460528, 0.027909020211315, 0.312579853160659 
56.8000000000005, 0.659137398289451, 0.0278291326603319, 0.313136435813866 
56.9000000000005, 0.658660474514893, 0.0277491286999335, 0.313691418387865 
57.0000000000005, 0.658185265903695, 0.0276690118848858, 0.314244798625562 
57.1000000000005, 0.657711771169131, 0.0275887857523341, 0.314796574340609 
57.2000000000005, 0.65723998897145, 0.027508453821621, 0.315346743417041 
57.3000000000005, 0.656769917918405, 0.0274280195941093, 0.315895303808924 
57.4000000000005, 0.656301556565791, 0.0273474865530085, 0.316442253539984 
57.5000000000005, 0.655834903417975, 0.0272668581632059, 0.316987590703248 
57.6000000000005, 0.655369956928436, 0.0271861378711017, 0.31753131346067 
57.7000000000005, 0.654906715500289, 0.0271053291044475, 0.318073420042759 
57.8000000000006, 0.654445177486824, 0.0270244352721901, 0.318613908748203 
57.9000000000006, 0.653985341192031, 0.0269434597643184, 0.319152777943489 
58.0000000000006, 0.653527204871133, 0.0268624059517147, 0.319690026062523 
58.1000000000006, 0.653070766731112, 0.0267812771860098, 0.320225651606244 
58.2000000000006, 0.652616024931238, 0.0267000767994422, 0.320759653142232 
58.3000000000006, 0.652162977583597, 0.0266188081047214, 0.321292029304327 
58.4000000000006, 0.651711622753611, 0.0265374743948951, 0.321822778792225 
58.5000000000006, 0.651261958460567, 0.0264560789432196, 0.322351900371089 
58.6000000000006, 0.650813982678138, 0.0263746250030354, 0.32287939287115 
58.7000000000006, 0.650367693334901, 0.0262931158076454, 0.323405255187303 
58.8000000000006, 0.649923088314863, 0.0262115545701978, 0.323929486278707 
58.9000000000006, 0.649480165457972, 0.026129944483572, 0.324452085168378 
59.0000000000006, 0.64903892256064, 0.0260482887202695, 0.324973050942784 
59.1000000000006, 0.648599357376256, 0.0259665904323067, 0.32549238275143 
59.2000000000006, 0.648161467615697, 0.0258848527511137, 0.326010079806452 
59.3000000000006, 0.647725250947845, 0.0258030787874344, 0.326526141382201 
59.4000000000006, 0.647290705000091, 0.0257212716312325, 0.327040566814825 
59.5000000000006, 0.646857827358852, 0.0256394343515993, 0.327553355501857 
59.6000000000006, 0.646426615570068, 0.0255575699966662, 0.328064506901791 
59.7000000000006, 0.645997067139714, 0.0254756815935206, 0.328574020533661 
59.8000000000006, 0.645569179534301, 0.0253937721481247, 0.329081895976624 
59.9000000000006, 0.645142950181377, 0.025311844645239, 0.329588132869528 
60.0000000000006, 0.644718376470024, 0.0252299020483478, 0.330092730910495 
60.1000000000006, 0.644295455751359, 0.0251479472995897, 0.330595689856487 
60.2000000000006, 0.643874185339027, 0.0250659833196902, 0.331097009522881 
60.3000000000006, 0.643454562509695, 0.0249840130078984, 0.331596689783039 
60.4000000000006, 0.643036584503542, 0.024902039241927, 0.332094730567877 
60.5000000000006, 0.642620248524748, 0.0248200648778954, 0.332591131865435 
60.6000000000006, 0.642205551741982, 0.0247380927502762, 0.333085893720441 
60.7000000000006, 0.641792491288885, 0.024656125671845, 0.333579016233878 
60.8000000000006, 0.641381064264553, 0.0245741664336334, 0.33407049956255 
60.9000000000006, 0.640971267734017, 0.024492217804885, 0.334560343918648 
61.0000000000006, 0.640563098728721, 0.024410282533015, 0.335048549569309 
61.1000000000006, 0.640156554246996, 0.0243283633435725, 0.33553511683618 
61.2000000000006, 0.639751631254535, 0.024246462940206, 0.336020046094984 
61.3000000000006, 0.639348326684863, 0.0241645840046319, 0.336503337775077 
61.4000000000006, 0.638946637439805, 0.0240827291966064, 0.336984992359009 
61.5000000000006, 0.638546560389951, 0.0240009011539, 0.337465010382087 
61.6000000000006, 0.638148092375121, 0.0239191024922747, 0.337943392431932 
61.7000000000006, 0.637751230204825, 0.0238373358054652, 0.338420139148042 
61.8000000000006, 0.637355970658721, 0.0237556036651613, 0.338895251221345 
61.9000000000006, 0.636962310487074, 0.0236739086209951, 0.339368729393765 
62.0000000000006, 0.636570246411203, 0.0235922532005291, 0.339840574457775 
62.1000000000006, 0.636179775123939, 0.0235106399092488, 0.34031078725596 
62.2000000000006, 0.635790893290066, 0.0234290712305566, 0.340779368680572 
62.3000000000006, 0.635403597546773, 0.0233475496257695, 0.341246319673087 
62.4000000000006, 0.635017884504094, 0.0232660775341185, 0.341711641223769 
62.5000000000006, 0.634633750745347, 0.023184657372752, 0.342175334371224 
62.6000000000006, 0.634251192827574, 0.0231032915367401, 0.342637400201959 
62.7000000000006, 0.633870207281973, 0.0230219823990828, 0.343097839849941 
62.8000000000006, 0.633490790614334, 0.0229407323107203, 0.343556654496155 
62.9000000000006, 0.633112939305465, 0.0228595436005454, 0.344013845368166 
63.0000000000006, 0.632736649811622, 0.0227784185754194, 0.344469413739674 
63.1000000000006, 0.632361918564929, 0.0226973595201889, 0.344923360930078 
63.2000000000006, 0.631988741973803, 0.0226163686977067, 0.345375688304032 
63.3000000000006, 0.63161711642337, 0.0225354483488537, 0.345826397271009 
63.4000000000006, 0.631247038275881, 0.0224546006925639, 0.346275489284861 
63.5000000000006, 0.630878503871127, 0.0223738279258513, 0.346722965843378 
63.6000000000006, 0.630511509526846, 0.0222931322238392, 0.347168828487855 
63.7000000000006, 0.630146051539132, 0.022212515739792, 0.34761307880265 
63.8000000000006, 0.629782126182839, 0.0221319806051486, 0.348055718414753 
63.9000000000006, 0.629419729711984, 0.0220515289295582, 0.348496748993344 
64.0000000000006, 0.629058858360141, 0.0219711628009186, 0.348936172249363 
64.1000000000006, 0.628699508340842, 0.0218908842854162, 0.349373989935071 
64.2000000000006, 0.62834167584797, 0.0218106954275679, 0.349810203843623 
64.3000000000006, 0.627985357056145, 0.0217305982502653, 0.350244815808628 
64.4000000000006, 0.627630548121113, 0.0216505947548212, 0.350677827703724 
64.5000000000006, 0.627277245180132, 0.021570686921017, 0.351109241442145 
64.6000000000006, 0.626925444352352, 0.0214908767071532, 0.351539058976288 
64.7000000000006, 0.626575141739194, 0.0214111660501011, 0.35196728229729 
64.8000000000006, 0.626226333424725, 0.0213315568653566, 0.352393913434597 
64.9000000000006, 0.625879015476032, 0.0212520510470954, 0.352818954455539 
65.0000000000006, 0.625533183943591, 0.0211726504682308, 0.353242407464903 
65.1000000000006, 0.625188834861633, 0.0210933569804725, 0.353664274604513 
65.2000000000006, 0.62484596424851, 0.0210141724143873, 0.354084558052801 
65.3000000000006, 0.624504568107056, 0.0209350985794617, 0.35450326002439 
65.4000000000006, 0.624164642424944, 0.020856137264166, 0.354920382769673 
65.5000000000006, 0.623826183175039, 0.0207772902360199, 0.355335928574394 
65.6000000000005, 0.623489186315758, 0.0206985592416602, 0.355749899759227 
65.7000000000005, 0.623153647791412, 0.0206199460069091, 0.356162298679365 
65.8000000000005, 0.622819563532553, 0.0205414522368452, 0.356573127724102 
65.9000000000005, 0.622486929456325, 0.020463079615875, 0.356982389316419 
66.0000000000005, 0.622155741466795, 0.0203848298078063, 0.357390085912575 
66.1000000000005, 0.621825995455298, 0.0203067044559233, 0.357796220001694 
66.2000000000005, 0.621497687300767, 0.0202287051830623, 0.358200794105355 
66.3000000000005, 0.621170812870069, 0.0201508335916897, 0.358603810777189 
66.4000000000005, 0.620845368018333, 0.0200730912639807, 0.359005272602469 
66.5000000000005, 0.620521348589274, 0.0199954797618996, 0.359405182197707 
66.6000000000005, 0.620198750415518, 0.0199180006272811, 0.359803542210252 
66.7000000000005, 0.619877569318923, 0.0198406553819133, 0.360200355317891 
66.8000000000005, 0.619557801110895, 0.0197634455276215, 0.360595624228443 
66.9000000000005, 0.619239441592705, 0.0196863725463534, 0.36098935167937 
67.0000000000005, 0.618922486555797, 0.0196094379002653, 0.361381540437375 
67.1000000000005, 0.618606931782102, 0.0195326430318098, 0.361772193298012 
67.2000000000005, 0.618292773044339, 0.0194559893638242, 0.362161313085288 
67.3000000000005, 0.617980006106321, 0.0193794782996201, 0.36254890265128 
67.4000000000004, 0.617668626723255, 0.0193031112230741, 0.362934964875742 
67.5000000000004, 0.617358630642038, 0.0192268894987196, 0.363319502665716 
67.6000000000004, 0.617050013601555, 0.0191508144718395, 0.363702518955153 
67.7000000000004, 0.616742771332966, 0.0190748874685595, 0.364084016704524 
67.8000000000004, 0.61643689956, 0.0189991097959432, 0.364463998900443 
67.9000000000004, 0.616132393999238, 0.0189234827420875, 0.364842468555285 
68.0000000000004, 0.615829250360396, 0.0188480075762187, 0.365219428706809 
68.1000000000004, 0.615527464346608, 0.0187726855487901, 0.365594882417785 
68.2000000000004, 0.615227031654703, 0.0186975178915799, 0.365968832775617 
68.3000000000004, 0.614927947975478, 0.0186225058177902, 0.366341282891972 
68.4000000000004, 0.614630208993971, 0.0185476505221467, 0.366712235902415 
68.5000000000004, 0.614333810389735, 0.018472953180999, 0.367081694966035 
68.6000000000004, 0.614038747837098, 0.018398414952422, 0.367449663265084 
68.7000000000004, 0.613745017005429, 0.0183240369763175, 0.36781614400461 
68.8000000000004, 0.613452613559402, 0.0182498203745173, 0.3681811404121 
68.9000000000004, 0.613161533159253, 0.0181757662508857, 0.368544655737118 
69.0000000000004, 0.612871771461034, 0.0181018756914239, 0.368906693250946 
69.1000000000003, 0.612583324116868, 0.0180281497643743, 0.369267256246234 
69.2000000000003, 0.612296186775199, 0.0179545895203256, 0.36962634803664 
69.3000000000003, 0.612010355081041, 0.0178811959923184, 0.369983971956487 
69.4000000000003, 0.611725824676219, 0.0178079701959516, 0.370340131360406 
69.5000000000003, 0.611442591199617, 0.0177349131294887, 0.370694829622996 
69.6000000000003, 0.611160650287413, 0.0176620257739651, 0.371048070138475 
69.7000000000003, 0.610879997573321, 0.0175893090932963, 0.371399856320341 
69.8000000000003, 0.610600628688819, 0.0175167640343851, 0.371750191601029 
69.9000000000003, 0.610322539263387, 0.0174443915272312, 0.372099079431573 
70.0000000000003, 0.610045724924734, 0.0173721924850391, 0.372446523281274 
70.1000000000003, 0.609770181299024, 0.0173001678043286, 0.372792526637361 
70.2000000000003, 0.609495904011102, 0.0172283183650436, 0.373137093004661 
70.3000000000003, 0.609222888684713, 0.0171566450306625, 0.373480225905275 
70.4000000000003, 0.608951130942724, 0.017085148648309, 0.373821928878241 
70.5000000000003, 0.60868062640734, 0.0170138300488622, 0.374162205479218 
70.6000000000003, 0.608411370700315, 0.0169426900470681, 0.374501059280159 
70.7000000000003, 0.608143359443168, 0.0168717294416507, 0.374838493868992 
70.8000000000003, 0.607876588257389, 0.0168009490154235, 0.375174512849301 
70.9000000000002, 0.607611052764648, 0.0167303495354014, 0.375509119840009 
71.0000000000002, 0.607346748586995, 0.0166599317529127, 0.375842318475067 
71.1000000000002, 0.607083671347068, 0.0165896964037111, 0.376174112403141 
71.2000000000002, 0.606821816668286, 0.0165196442080884, 0.376504505287303 
71.3000000000002, 0.606561180175051, 0.0164497758709868, 0.376833500804723 
71.4000000000002, 0.606301757492937, 0.0163800920821117, 0.377161102646365 
71.5000000000002, 0.606043544248887, 0.0163105935160441, 0.377487314516686 
71.6000000000002, 0.605786536071402, 0.0162412808323544, 0.377812140133333 
71.7000000000002, 0.605530728590726, 0.0161721546757146, 0.378135583226847 
71.8000000000002, 0.60527611743903, 0.0161032156760115, 0.378457647540368 
71.9000000000002, 0.605022698250601, 0.0160344644484604, 0.378778336829337 
72.0000000000002, 0.604770466662015, 0.0159659015937176, 0.379097654861211 
72.1000000000002, 0.60451941831232, 0.0158975276979942, 0.379415605415171 
72.2000000000002, 0.604269548843208, 0.0158293433331688, 0.379732192281834 
72.3000000000002, 0.604020853899194, 0.0157613490569013, 0.380047419262972 
72.4000000000002, 0.603773329127779, 0.0156935454127457, 0.380361290171227 
72.5000000000002, 0.603526970179627, 0.0156259329302634, 0.380673808829833 
72.6000000000002, 0.603281772708729, 0.0155585121251364, 0.380984979072335 
72.7000000000001, 0.603037732372564, 0.0154912834992806, 0.381294804742321 
72.8000000000001, 0.602794844832268, 0.0154242475409582, 0.38160328969314 
72.9000000000001, 0.602553105752787, 0.0153574047248913, 0.381910437787638 
73.0000000000001, 0.602312510803041, 0.0152907555123745, 0.382216252897885 
73.1000000000001, 0.602073055656078, 0.0152243003513872, 0.382520738904913 
73.2000000000001, 0.601834735989226, 0.015158039676707, 0.382823899698447 
73.3000000000001, 0.601597547484245, 0.0150919739100215, 0.383125739176648 
73.4000000000001, 0.60136148582748, 0.0150261034600406, 0.383426261245849 
73.5000000000001, 0.601126546710004, 0.0149604287226093, 0.383725469820301 
73.6000000000001, 0.600892725827766, 0.0148949500808188, 0.384023368821917 
73.7000000000001, 0.600660018881732, 0.0148296679051189, 0.38431996218002 
73.8000000000001, 0.600428421578031, 0.0147645825534292, 0.384615253831088 
73.9000000000001, 0.600197929628088, 0.0146996943712508, 0.384909247718513 
74.0000000000001, 0.599968538748765, 0.0146350036917771, 0.385201947792349 
74.1000000000001, 0.599740244662497, 0.0145705108360049, 0.385493358009069 
74.2000000000001, 0.599513043097423, 0.014506216112845, 0.385783482331326 
74.3000000000001, 0.599286929787516, 0.0144421198192327, 0.38607232472771 
74.4, 0.599061900472718, 0.0143782222402379, 0.386359889172515 
74.5, 0.598837950899061, 0.014314523649175, 0.386646179645499 
74.6, 0.598615076818796, 0.0142510243077122, 0.386931200131653 
74.7, 0.598393273990518, 0.0141877244659815, 0.387214954620972 
74.8, 0.598172538179282, 0.0141246243626868, 0.387497447108226 
74.9, 0.59795286515673, 0.0140617242252132, 0.38777868159273 
75, 0.597734250701203, 0.0139990242697354, 0.388058662078125 
75.1, 0.59751669059786, 0.0139365247013252, 0.388337392572152 
75.2, 0.597300180638793, 0.0138742257140598, 0.388614877086433 
75.3, 0.597084716623137, 0.0138121274911285, 0.388891119636255 
75.4, 0.596870294357183, 0.0137502302049405, 0.389166124240354 
75.5, 0.596656909654485, 0.0136885340172308, 0.389439894920699 
75.6, 0.59644455833597, 0.0136270390791667, 0.389712435702282 
75.7, 0.59623323623004, 0.0135657455314539, 0.389983750612911 
75.8, 0.596022939172678, 0.0135046535044417, 0.390253843683 
75.9, 0.595813663007548, 0.0134437631182282, 0.390522718945365 
76, 0.595605403586098, 0.0133830744827651, 0.39079038043502 
76.1, 0.595398156767656, 0.0133225876979618, 0.391056832188979 
76.1999999999999, 0.595191918419529, 0.0132623028537893, 0.391322078246055 
76.2999999999999, 0.594986684417095, 0.0132022200303841, 0.391586122646663 
76.3999999999999, 0.594782450643902, 0.0131423392981503, 0.391848969432626 
76.4999999999999, 0.594579212991753, 0.0130826607178632, 0.392110622646983 
76.5999999999999, 0.594376967360803, 0.0130231843407707, 0.392371086333798 
76.6999999999999, 0.594175709659643, 0.0129639102086957, 0.392630364537972 
76.7999999999999, 0.59397543580539, 0.0129048383541365, 0.392888461305055 
76.8999999999999, 0.593776141723769, 0.0128459688003685, 0.393145380681062 
76.9999999999999, 0.593577823349204, 0.0127873015615438, 0.393401126712293 
77.0999999999999, 0.593380476624891, 0.0127288366427916, 0.393655703445149 
77.1999999999999, 0.593184097502887, 0.0126705740403174, 0.393909114925955 
77.2999999999999, 0.592988681944187, 0.0126125137415018, 0.394161365200785 
77.3999999999999, 0.592794225918798, 0.0125546557249992, 0.394412458315285 
77.4999999999999, 0.592600725405821, 0.0124969999608354, 0.394662398314502 
77.5999999999999, 0.592408176393524, 0.0124395464105056, 0.394911189242712 
77.6999999999999, 0.592216574879415, 0.0123822950270708, 0.395158835143254 
77.7999999999999, 0.592025916870313, 0.0123252457552548, 0.395405340058359 
77.8999999999998, 0.591836198382421, 0.0122683985315396, 0.39565070802899 
77.9999999999998, 0.591647415441395, 0.0122117532842614, 0.395894943094675 
78.0999999999998, 0.591459564082411, 0.0121553099337051, 0.396138049293349 
78.1999999999998, 0.591272640350229, 0.0120990683921992, 0.396380030661193 
78.2999999999998, 0.591086640299264, 0.0120430285642093, 0.396620891232477 
78.3999999999998, 0.590901559993645, 0.0119871903464317, 0.396860635039406 
78.4999999999998, 0.590717395507278, 0.0119315536278864, 0.397099266111964 
78.5999999999998, 0.590534142923909, 0.0118761182900089, 0.397336788477764 
78.6999999999998, 0.590351798337182, 0.0118208842067428, 0.397573206161899 
78.7999999999998, 0.590170357850698, 0.0117658512446305, 0.397808523186791 
78.8999999999998, 0.589989817578072, 0.0117110192629041, 0.398042743572049 
78.9999999999998, 0.589810173642989, 0.0116563881135757, 0.398275871334321 
79.0999999999998, 0.589631422179259, 0.0116019576415271, 0.398507910487151 
79.1999999999998, 0.589453559330869, 0.0115477276845987, 0.398738865040843 
79.2999999999998, 0.589276581252036, 0.0114936980736782, 0.398968739002317 
79.3999999999998, 0.589100484107259, 0.0114398686327887, 0.399197536374973 
79.4999999999998, 0.588925264071367, 0.0113862391791761, 0.399425261158556 
79.5999999999998, 0.588750917329567, 0.0113328095233961, 0.399651917349024 
79.6999999999997, 0.588577440077494, 0.0112795794694005, 0.399877508938412 
79.7999999999997, 0.588404828521253, 0.011226548814623, 0.400102039914704 
79.8999999999997, 0.588233078877469, 0.0111737173500648, 0.400325514261706 
79.9999999999997, 0.588062187373327, 0.0111210848603788, 0.400547935958913 
80.0999999999997, 0.587892150246614, 0.0110686511239539, 0.400769308981392 
80.1999999999997, 0.587722963745764, 0.011016415912999, 0.400989637299652 
80.2999999999997, 0.587554624129898, 0.0109643789936256, 0.401208924879525 
80.3999999999997, 0.587387127668859, 0.0109125401259303, 0.401427175682044 
80.4999999999997, 0.587220470643255, 0.0108608990640769, 0.401644393663325 
80.5999999999997, 0.587054649344495, 0.0108094555563777, 0.401860582774453 
80.6999999999997, 0.586889660074822, 0.0107582093453741, 0.40207574696136 
80.7999999999997, 0.586725499147354, 0.0107071601679171, 0.402289890164718 
80.8999999999997, 0.58656216288611, 0.0106563077552468, 0.402503016319823 
80.9999999999997, 0.586399647626053, 0.0106056518330713, 0.402715129356485 
81.0999999999997, 0.586237949713111, 0.0105551921216456, 0.402926233198918 
81.1999999999997, 0.586077065504217, 0.0105049283358494, 0.403136331765635 
81.2999999999997, 0.585916991367335, 0.0104548601852642, 0.40334542896934 
81.3999999999997, 0.585757723681487, 0.0104049873742507, 0.403553528716825 
81.4999999999996, 0.585599258836786, 0.0103553096020244, 0.403760634908865 
81.5999999999996, 0.585441593234458, 0.0103058265627319, 0.40396675144012 
81.6999999999996, 0.585284723286874, 0.0102565379455256, 0.404171882199031 
81.7999999999996, 0.585128645417567, 0.0102074434346383, 0.404376031067723 
81.8999999999996, 0.584973356061265, 0.0101585427094574, 0.404579201921912 
81.9999999999996, 0.584818851663908, 0.0101098354445983, 0.404781398630804 
82.0999999999996, 0.584665128682672, 0.0100613213099769, 0.404982625057004 
82.1999999999996, 0.584512183585993, 0.0100129999708824, 0.405182885056422 
82.2999999999996, 0.584360012853585, 0.00996487108804863, 0.405382182478183 
82.3999999999996, 0.584208612976461, 0.00991693431772545, 0.405580521164537 
82.4999999999996, 0.584057980456949, 0.00986918931174925, 0.405777904950772 
82.5999999999996, 0.583908111808717, 0.00982163571761303, 0.405974337665124 
82.6999999999996, 0.583759003556782, 0.00977427317853586, 0.406169823128695 
82.7999999999996, 0.583610652237531, 0.00972710133353185, 0.406364365155366 
82.8999999999996, 0.583463054398736, 0.00968011981747843, 0.406557967551715 
82.9999999999996, 0.583316206599569, 0.00963332826118425, 0.406750634116939 
83.0999999999996, 0.583170105410615, 0.00958672629145634, 0.406942368642768 
83.1999999999995, 0.583024747413884, 0.00954031353116687, 0.407133174913391 
83.2999999999995, 0.582880129202829, 0.00949408959931927, 0.407323056705378 
83.3999999999995, 0.582736247382348, 0.00944805411111378, 0.4075120177876 
83.4999999999995, 0.582593098568806, 0.00940220667801253, 0.40770006192116 
83.5999999999995, 0.582450679390036, 0.009356546907804, 0.407887192859316 
83.6999999999995, 0.582308986485353, 0.00931107440466696, 0.40807341434741 
83.7999999999995, 0.582168016505562, 0.00926578876923384, 0.408258730122794 
83.8999999999995, 0.582027766112964, 0.00922068959865359, 0.408443143914767 
83.9999999999995, 0.581888231981367, 0.00917577648665396, 0.4086266594445 
84.0999999999995, 0.581749410796088, 0.00913104902360328, 0.408809280424973 
84.1999999999995, 0.581611299253963, 0.00908650679657162, 0.408991010560904 
84.2999999999995, 0.581473894063348, 0.00904214938939152, 0.409171853548692 
84.3999999999995, 0.581337191944128, 0.00899797638271806, 0.409351813076346 
84.4999999999995, 0.581201189627717, 0.00895398735408852, 0.409530892823428 
84.5999999999995, 0.581065883857062, 0.00891018187798141, 0.409709096460988 
84.6999999999995, 0.580931271386648, 0.00886655952587499, 0.409886427651505 
84.7999999999995, 0.580797348982495, 0.00882311986630531, 0.410062890048831 
84.8999999999995, 0.580664113422164, 0.00877986246492363, 0.41023848729813 
84.9999999999994, 0.580531561494756, 0.00873678688455341, 0.410413223035821 
85.0999999999994, 0.58039969000091, 0.00869389268524671, 0.410587100889526 
85.1999999999994, 0.580268495752805, 0.00865117942434009, 0.410760124478012 
85.2999999999994, 0.580137975574158, 0.00860864665650999, 0.410932297411143 
85.3999999999994, 0.58000812630022, 0.00856629393382759, 0.411103623289819 
85.4999999999994, 0.579878944777779, 0.00852412080581315, 0.411274105705935 
85.5999999999994, 0.57975042786515, 0.00848212681948984, 0.411443748242325 
85.6999999999994, 0.579622572432177, 0.00844031151943707, 0.411612554472714 
85.7999999999994, 0.579495375360227, 0.00839867444784328, 0.411780527961671 
85.8999999999994, 0.579368833542183, 0.00835721514455825, 0.411947672264562 
85.9999999999994, 0.579242943882444, 0.0083159331471449, 0.412113990927505 
86.0999999999994, 0.579117703296914, 0.00827482799093057, 0.412279487487324 
86.1999999999994, 0.578993108713001, 0.00823389920905785, 0.412444165471505 
86.2999999999994, 0.578869157069604, 0.00819314633253482, 0.412608028398155 
86.3999999999994, 0.578745845317111, 0.0081525688902849, 0.412771079775961 
86.4999999999994, 0.57862317041739, 0.00811216640919611, 0.412933323104145 
86.5999999999994, 0.578501129343777, 0.00807193841416995, 0.413094761872428 
86.6999999999993, 0.578379719081073, 0.00803188442816966, 0.413255399560992 
86.7999999999993, 0.578258936625533, 0.00799200397226812, 0.413415239640437 
86.8999999999993, 0.578138778984851, 0.00795229656569515, 0.413574285571751 
86.9999999999993, 0.578019243178159, 0.00791276172588446, 0.413732540806269 
87.0999999999993, 0.577900326236009, 0.00787339896852, 0.413890008785639 
87.1999999999993, 0.577782025200364, 0.00783420780758189, 0.414046692941791 
87.2999999999993, 0.577664337124589, 0.0077951877553919, 0.414202596696899 
87.3999999999993, 0.577547259073434, 0.00775633832265838, 0.414357723463352 
87.4999999999993, 0.577430788123028, 0.00771765901852085, 0.414512076643722 
87.5999999999993, 0.57731492136086, 0.00767914935059398, 0.414665659630734 
87.6999999999993, 0.57719965588577, 0.00764080882501122, 0.414818475807234 
87.7999999999993, 0.577084988807934, 0.00760263694646789, 0.414970528546164 
87.8999999999993, 0.576970917248848, 0.00756463321826389, 0.415121821210529 
87.9999999999993, 0.576857438341316, 0.00752679714234587, 0.415272357153376 
88.0999999999993, 0.576744549229437, 0.00748912821934905, 0.415422139717763 
88.1999999999993, 0.576632247068583, 0.00745162594863847, 0.415571172236736 
88.2999999999993, 0.576520529025391, 0.00741428982834992, 0.415719458033303 
88.3999999999993, 0.576409392277742, 0.00737711935543031, 0.415867000420411 
88.4999999999992, 0.576298834014747, 0.00734011402567768, 0.416013802700925 
88.5999999999992, 0.576188851436729, 0.00730327333378074, 0.4161598681676 
88.6999999999992, 0.576079441755207, 0.00726659677335799, 0.416305200103068 
88.7999999999992, 0.575970602192878, 0.00723008383699637, 0.416449801779808 
88.8999999999992, 0.575862329983599, 0.00719373401628953, 0.416593676460133 
88.9999999999992, 0.57575462237237, 0.00715754680187564, 0.416736827396171 
89.0999999999992, 0.575647476615313, 0.00712152168347477, 0.41687925782984 
89.1999999999992, 0.575540889979657, 0.00708565814992591, 0.417020970992839 
89.2999999999992, 0.575434859743717, 0.00704995568922345, 0.417161970106623 
89.3999999999992, 0.575329383196873, 0.00701441378855338, 0.417302258382394 
89.4999999999992, 0.575224457639553, 0.00697903193432899, 0.417441839021081 
89.5999999999992, 0.575120080383212, 0.00694380961222619, 0.417580715213325 
89.6999999999992, 0.575016248750311, 0.00690874630721839, 0.41771889013947 
89.7999999999992, 0.574912960074297, 0.00687384150361104, 0.417856366969542 
89.8999999999992, 0.574810211699583, 0.0068390946850757, 0.417993148863244 
89.9999999999992, 0.574708000981525, 0.00680450533468375, 0.418129238969937 
90.0999999999992, 0.574606325286403, 0.00677007293493969, 0.418264640428636 
90.1999999999992, 0.574505181991395, 0.00673579696781404, 0.418399356367992 
90.2999999999991, 0.574404568484561, 0.00670167691477588, 0.418533389906288 
90.3999999999991, 0.574304482164816, 0.00666771225682494, 0.418666744151424 
90.4999999999991, 0.574204920441909, 0.0066339024745234, 0.418799422200915 
90.5999999999991, 0.574105880736401, 0.00660024704802717, 0.418931427141875 
90.6999999999991, 0.574007360479642, 0.00656674545711697, 0.419062762051018 
90.7999999999991, 0.573909357113745, 0.00653339718122885, 0.419193429994642 
90.8999999999991, 0.573811868091568, 0.00650020169948444, 0.419323434028632 
90.9999999999991, 0.573714890876684, 0.00646715849072086, 0.419452777198446 
91.0999999999991, 0.573618422943362, 0.00643426703352011, 0.419581462539117 
91.1999999999991, 0.573522461776539, 0.0064015268062383, 0.419709493075242 
91.2999999999991, 0.5734270048718, 0.00636893728703434, 0.419836871820982 
91.3999999999991, 0.573332049735349, 0.00633649795389835, 0.41996360178006 
91.4999999999991, 0.573237593883988, 0.00630420828467971, 0.420089685945754 
91.5999999999991, 0.573143634845088, 0.00627206775711476, 0.420215127300896 
91.6999999999991, 0.573050170156568, 0.00624007584885412, 0.420339928817873 
91.7999999999991, 0.572957197366867, 0.00620823203748966, 0.420464093458623 
91.8999999999991, 0.572864714034918, 0.00617653580058116, 0.420587624174635 
91.999999999999, 0.572772717730125, 0.0061449866156826, 0.420710523906948 
92.099999999999, 0.572681206032333, 0.00611358396036811, 0.420832795586156 
92.199999999999, 0.572590176531808, 0.00608232731225759, 0.420954442132401 
92.299999999999, 0.572499626829202, 0.00605121614904197, 0.421075466455382 
92.399999999999, 0.572409554535535, 0.00602024994850818, 0.421195871454352 
92.499999999999, 0.572319957272163, 0.00598942818856377, 0.421315660018123 
92.599999999999, 0.572230832670754, 0.00595875034726114, 0.421434835025068 
92.699999999999, 0.572142178373259, 0.00592821590282159, 0.421553399343125 
92.799999999999, 0.572053992031886, 0.0058978243336589, 0.421671355829798 
92.899999999999, 0.571966271309072, 0.00586757511840265, 0.421788707332166 
92.999999999999, 0.571879013877458, 0.00583746773592126, 0.421905456686884 
93.099999999999, 0.571792217419856, 0.00580750166534466, 0.422021606720191 
93.199999999999, 0.571705879629229, 0.00577767638608665, 0.422137160247913 
93.299999999999, 0.571619998208656, 0.00574799137786701, 0.42225212007547 
93.399999999999, 0.571534570871307, 0.00571844612073322, 0.422366488997885 
93.499999999999, 0.571449595340415, 0.00568904009508195, 0.422480269799787 
93.599999999999, 0.57136506934925, 0.0056597727816802, 0.42259346525542 
93.699999999999, 0.571280990641084, 0.00563064366168616, 0.422706078128654 
93.7999999999989, 0.57119735696917, 0.00560165221666978, 0.422818111172987 
93.8999999999989, 0.571114166096709, 0.00557279792863305, 0.42292956713156 
93.9999999999989, 0.571031415796821, 0.00554408028002995, 0.423040448737161 
94.0999999999989, 0.57094910385252, 0.00551549875378616, 0.423150758712236 
94.1999999999989, 0.57086722805668, 0.00548705283331846, 0.423260499768903 
94.2999999999989, 0.57078578621201, 0.00545874200255386, 0.423369674608954 
94.3999999999989, 0.570704776131023, 0.00543056574594842, 0.423478285923873 
94.4999999999989, 0.570624195636007, 0.00540252354850584, 0.423586336394843 
94.5999999999989, 0.570544042558996, 0.00537461489579572, 0.423693828692759 
94.6999999999989, 0.57046431474174, 0.00534683927397161, 0.423800765478238 
94.7999999999989, 0.570385010035676, 0.00531919616978871, 0.423907149401634 
94.8999999999989, 0.570306126301898, 0.00529168507062137, 0.424012983103046 
94.9999999999989, 0.570227661411128, 0.0052643054644803, 0.424118269212336 
95.0999999999989, 0.570149613243685, 0.00523705684002951, 0.424223010349137 
95.1999999999989, 0.570071979689456, 0.00520993868660301, 0.424327209122869 
95.2999999999989, 0.569994758647866, 0.0051829504942212, 0.424430868132753 
95.3999999999989, 0.569917948027849, 0.00515609175360709, 0.424533989967825 
95.4999999999988, 0.569841545747816, 0.00512936195620217, 0.424636577206949 
95.5999999999988, 0.569765549735624, 0.0051027605941821, 0.424738632418833 
95.6999999999988, 0.569689957928551, 0.00507628716047216, 0.424840158162042 
95.7999999999988, 0.569614768273261, 0.00504994114876234, 0.424941156985018 
95.8999999999988, 0.569539978725772, 0.00502372205352233, 0.425041631426088 
95.9999999999988, 0.569465587251433, 0.00499762937001621, 0.425141584013488 
96.0999999999988, 0.569391591824888, 0.00497166259431684, 0.425241017265375 
96.1999999999988, 0.569317990430044, 0.00494582122332011, 0.425339933689841 
96.2999999999988, 0.569244781060047, 0.00492010475475892, 0.425438335784936 
96.3999999999988, 0.569171961717245, 0.00489451268721687, 0.425536226038681 
96.4999999999988, 0.569099530413162, 0.00486904452014184, 0.425633606929083 
96.5999999999988, 0.569027485168463, 0.00484369975385921, 0.425730480924161 
96.6999999999988, 0.568955824012926, 0.00481847788958496, 0.425826850481952 
96.7999999999988, 0.568884544985414, 0.00479337842943847, 0.425922718050541 
96.8999999999988, 0.568813646133838, 0.00476840087645515, 0.42601808606807 
96.9999999999988, 0.568743125515131, 0.00474354473459884, 0.426112956962762 
97.0999999999988, 0.568672981195213, 0.00471880950877395, 0.426207333152938 
97.1999999999988, 0.568603211248966, 0.00469419470483746, 0.426301217047034 
97.2999999999987, 0.568533813760197, 0.00466969982961064, 0.426394611043627 
97.3999999999987, 0.568464786821613, 0.0046453243908906, 0.426487517531444 
97.4999999999987, 0.568396128534784, 0.00462106789746162, 0.426579938889394 
97.5999999999987, 0.568327837010116, 0.00459692985910626, 0.426671877486576 
97.6999999999987, 0.568259910366819, 0.00457290978661629, 0.426763335682308 
97.7999999999987, 0.568192346732877, 0.0045490071918034, 0.426854315826144 
97.8999999999987, 0.568125144245015, 0.00452522158750972, 0.426944820257894 
97.9999999999987, 0.56805830104867, 0.00450155248761813, 0.427034851307647 
98.0999999999987, 0.567991815297956, 0.0044779994070624, 0.427124411295788 
98.1999999999987, 0.567925685155641, 0.0044545618618371, 0.427213502533025 
98.2999999999987, 0.567859908793107, 0.00443123936900733, 0.427302127320405 
98.3999999999987, 0.567794484390325, 0.00440803144671831, 0.427390287949339 
98.4999999999987, 0.567729410135821, 0.00438493761420469, 0.427477986701623 
98.5999999999987, 0.567664684226646, 0.00436195739179974, 0.427565225849459 
98.6999999999987, 0.567600304868345, 0.00433909030094436, 0.427652007655478 
98.7999999999987, 0.567536270274926, 0.00431633586419586, 0.427738334372762 
98.8999999999987, 0.567472578668828, 0.0042936936052366, 0.427824208244867 
98.9999999999986, 0.567409228280891, 0.00427116304888244, 0.427909631505844 
99.0999999999986, 0.567346217350326, 0.00424874372109101, 0.427994606380266 
99.1999999999986, 0.567283544124681, 0.00422643514896981, 0.428079135083246 
99.2999999999986, 0.567221206859813, 0.00420423686078417, 0.428163219820461 
99.3999999999986, 0.567159203819854, 0.00418214838596493, 0.428246862788181 
99.4999999999986, 0.567097533277184, 0.0041601692551161, 0.428330066173283 
99.5999999999986, 0.567036193512397, 0.00413829900002228, 0.428412832153283 
99.6999999999986, 0.56697518281427, 0.00411653715365585, 0.428495162896357 
99.7999999999986, 0.566914499479733, 0.00409488325018415, 0.42857706056136 
99.8999999999986, 0.56685414181384, 0.00407333682497636, 0.42865852729786 
99.9999999999986, 0.566794108129733, 0.00405189741461027, 0.428739565246152 
100.099999999999, 0.566734396748618, 0.00403056455687893, 0.428820176537289 
100.199999999999, 0.566675005999728, 0.00400933779079709, 0.428900363293105 
100.299999999999, 0.566615934220295, 0.00398821665660752, 0.428980127626238 
100.399999999999, 0.56655717975552, 0.00396720069578713, 0.429059471640153 
100.499999999999, 0.566498740958539, 0.00394628945105301, 0.429138397429174 
100.599999999999, 0.566440616190396, 0.00392548246636827, 0.429216907078502 
100.699999999999, 0.566382803820012, 0.00390477928694775, 0.429295002664241 
100.799999999999, 0.56632530222415, 0.00388417945926358, 0.429372686253426 
100.899999999999, 0.56626810978739, 0.00386368253105059, 0.429449959904047 
100.999999999999, 0.566211224902094, 0.00384328805131159, 0.429526825665073 
101.099999999999, 0.566154645968379, 0.00382299557032252, 0.42960328557648 
101.199999999999, 0.566098371394084, 0.00380280463963744, 0.429679341669272 
101.299999999999, 0.56604239959474, 0.00378271481209336, 0.429754995965514 
101.399999999999, 0.565986728993541, 0.00376272564181501, 0.429830250478351 
101.499999999999, 0.56593135802131, 0.00374283668421939, 0.429905107212035 
101.599999999999, 0.565876285116473, 0.00372304749602026, 0.429979568161955 
101.699999999998, 0.565821508725028, 0.00370335763523243, 0.43005363531466 
101.799999999998, 0.565767027300511, 0.003683766661176, 0.430127310647884 
101.899999999998, 0.565712839303969, 0.00366427413448039, 0.430200596130573 
101.999999999998, 0.565658943203929, 0.00364487961708829, 0.430273493722915 
102.099999999998, 0.565605337476369, 0.00362558267225951, 0.43034600537636 
102.199999999998, 0.565552020604686, 0.00360638286457463, 0.430418133033652 
102.299999999998, 0.565498991079666, 0.0035872797599386, 0.43048987862885 
102.399999999998, 0.565446247399457, 0.00356827292558419, 0.430561244087362 
102.499999999998, 0.565393788069535, 0.00354936193007532, 0.430632231325963 
102.599999999998, 0.565341611602676, 0.00353054634331027, 0.43070284225283 
102.699999999998, 0.565289716518927, 0.0035118257365248, 0.43077307876756 
102.799999999998, 0.565238101345576, 0.00349319968229512, 0.430842942761206 
102.899999999998, 0.565186764617119, 0.00347466775454076, 0.430912436116297 
102.999999999998, 0.565135704875235, 0.00345622952852736, 0.430981560706867 
103.099999999998, 0.565084920668754, 0.00343788458086928, 0.431050318398485 
103.199999999998, 0.565034410553627, 0.00341963248953217, 0.431118711048275 
103.299999999998, 0.564984173092898, 0.0034014728338354, 0.431186740504952 
103.399999999998, 0.564934206856674, 0.0033834051944544, 0.431254408608841 
103.499999999998, 0.564884510422093, 0.00336542915342287, 0.43132171719191 
103.599999999998, 0.564835082373301, 0.00334754429413488, 0.431388668077792 
103.699999999998, 0.564785921301416, 0.00332975020134695, 0.431455263081819 
103.799999999998, 0.564737025804502, 0.00331204646117991, 0.431521504011043 
103.899999999998, 0.564688394487539, 0.00329443266112074, 0.431587392664265 
103.999999999998, 0.564640025962395, 0.00327690839002429, 0.431652930832066 
104.099999999998, 0.564591918847796, 0.00325947323811493, 0.431718120296828 
104.199999999998, 0.564544071769297, 0.00324212679698801, 0.431782962832768 
104.299999999998, 0.564496483359255, 0.00322486865961137, 0.43184746020596 
104.399999999998, 0.564449152256796, 0.00320769842032662, 0.431911614174367 
104.499999999998, 0.564402077107791, 0.00319061567485045, 0.431975426487864 
104.599999999998, 0.564355256564823, 0.00317362002027572, 0.432038898888269 
104.699999999998, 0.564308689287163, 0.00315671105507258, 0.432102033109371 
104.799999999998, 0.564262373940737, 0.00313988837908941, 0.432164830876952 
104.899999999998, 0.564216309198099, 0.00312315159355376, 0.432227293908824 
104.999999999998, 0.564170493738404, 0.00310650030107312, 0.432289423914845 
105.099999999998, 0.564124926247379, 0.00308993410563565, 0.432351222596958 
105.199999999998, 0.564079605417293, 0.00307345261261082, 0.43241269164921 
105.299999999998, 0.564034529946931, 0.00305705542874997, 0.432473832757785 
105.399999999998, 0.563989698541565, 0.0030407421621868, 0.432534647601029 
105.499999999998, 0.563945109912925, 0.00302451242243771, 0.432595137849477 
105.599999999998, 0.563900762779172, 0.0030083658204022, 0.432655305165885 
105.699999999998, 0.56385665586487, 0.00299230196836302, 0.432715151205253 
105.799999999998, 0.563812787900958, 0.00297632047998639, 0.432774677614852 
105.899999999998, 0.563769157624723, 0.00296042097032207, 0.432833886034259 
105.999999999998, 0.56372576377977, 0.00294460305580334, 0.432892778095375 
106.099999999998, 0.563682605115997, 0.002928866354247, 0.43295135542246 
106.199999999998, 0.563639680389565, 0.00291321048485315, 0.433009619632157 
106.299999999998, 0.563596988362874, 0.00289763506820508, 0.433067572333521 
106.399999999998, 0.563554527804531, 0.0028821397262689, 0.433125215128046 
106.499999999998, 0.563512297489326, 0.00286672408239323, 0.433182549609694 
106.599999999998, 0.563470296198203, 0.00285138776130881, 0.43323957736492 
106.699999999998, 0.563428522718236, 0.00283613038912796, 0.433296299972703 
106.799999999998, 0.563386975842596, 0.00282095159334408, 0.43335271900457 
106.899999999998, 0.563345654370529, 0.002805851002831, 0.433408836024627 
106.999999999998, 0.563304557107329, 0.00279082824784231, 0.433464652589583 
107.099999999998, 0.563263682864306, 0.00277588296001062, 0.433520170248784 
107.199999999998, 0.563223030458765, 0.00276101477234674, 0.43357539054423 
107.299999999998, 0.563182598713977, 0.00274622331923883, 0.433630315010615 
107.399999999998, 0.563142386459152, 0.00273150823645145, 0.433684945175344 
107.499999999998, 0.563102392529413, 0.00271686916112457, 0.433739282558567 
107.599999999998, 0.563062615765768, 0.00270230573177254, 0.433793328673202 
107.699999999998, 0.563023055015085, 0.00268781758828296, 0.433847085024968 
107.799999999998, 0.562983709130068, 0.00267340437191553, 0.433900553112406 
107.899999999998, 0.562944576969227, 0.00265906572530083, 0.433953734426912 
107.999999999998, 0.56290565739685, 0.00264480129243902, 0.434006630452761 
108.099999999998, 0.562866949282985, 0.00263061071869855, 0.434059242667135 
108.199999999998, 0.562828451503405, 0.00261649365081472, 0.434111572540151 
108.299999999998, 0.562790162939589, 0.00260244973688831, 0.434163621534889 
108.399999999998, 0.562752082478691, 0.00258847862638402, 0.434215391107417 
108.499999999998, 0.562714209013517, 0.00257457997012899, 0.434266882706819 
108.599999999998, 0.5626765414425, 0.00256075342031115, 0.434318097775225 
108.699999999998, 0.562639078669671, 0.00254699863047764, 0.434369037747835 
108.799999999998, 0.562601819604638, 0.00253331525553305, 0.434419704052946 
108.899999999998, 0.562564763162555, 0.00251970295173776, 0.43447009811198 
108.999999999998, 0.562527908264104, 0.00250616137670609, 0.434520221339515 
109.099999999998, 0.562491253835462, 0.0024926901894045, 0.434570075143303 
109.199999999998, 0.56245479880828, 0.00247928905014971, 0.434619660924306 
109.299999999998, 0.562418542119659, 0.00246595762060675, 0.434668980076718 
109.399999999998, 0.562382482712121, 0.00245269556378705, 0.434718033987993 
109.499999999998, 0.562346619533588, 0.00243950254404637, 0.434766824038874 
109.599999999998, 0.562310951537354, 0.00242637822708277, 0.434815351603416 
109.699999999998, 0.562275477682063, 0.00241332227993455, 0.434863618049015 
109.799999999998, 0.562240196931682, 0.00240033437097803, 0.434911624736434 
109.899999999998, 0.562205108255476, 0.00238741416992548, 0.434959373019833 
109.999999999998, 0.562170210627988, 0.00237456134782282, 0.435006864246789 
110.099999999998, 0.562135503029009, 0.00236177557704739, 0.43505409975833 
110.199999999998, 0.562100984443555, 0.00234905653130566, 0.435101080888956 
110.299999999998, 0.562066653861848, 0.00233640388563091, 0.435147808966669 
110.399999999998, 0.562032510279282, 0.00232381731638084, 0.435194285312997 
110.499999999998, 0.561998552696408, 0.00231129650123519, 0.435240511243021 
110.599999999998, 0.561964780118906, 0.00229884111919324, 0.435286488065405 
110.699999999998, 0.56193119155756, 0.00228645085057143, 0.435332217082417 
110.799999999998, 0.561897786028237, 0.00227412537700077, 0.435377699589957 
110.899999999998, 0.56186456255186, 0.0022618643814243, 0.435422936877585 
110.999999999998, 0.561831520154388, 0.00224966754809458, 0.435467930228547 
111.099999999998, 0.56179865786679, 0.00223753456257101, 0.435512680919798 
111.199999999998, 0.561765974725021, 0.0022254651117172, 0.435557190222033 
111.299999999998, 0.561733469770001, 0.00221345888369834, 0.435601459399707 
111.399999999998, 0.561701142047589, 0.00220151556797844, 0.435645489711066 
111.499999999998, 0.561668990608561, 0.00218963485531763, 0.435689282408173 
111.599999999998, 0.561637014508587, 0.0021778164377694, 0.435732838736928 
111.699999999998, 0.561605212808209, 0.00216606000867777, 0.435776159937102 
111.799999999998, 0.561573584572813, 0.00215436526267451, 0.435819247242355 
111.899999999998, 0.561542128872614, 0.00214273189567628, 0.435862101880269 
111.999999999998, 0.561510844782626, 0.00213115960488173, 0.435904725072366 
112.099999999998, 0.561479731382644, 0.00211964808876864, 0.435947118034142 
112.199999999998, 0.561448787757217, 0.00210819704709096, 0.435989281975083 
112.299999999998, 0.561418012995629, 0.00209680618087585, 0.436031218098701 
112.399999999998, 0.561387406191877, 0.00208547519242072, 0.436072927602549 
112.499999999998, 0.561356966444644, 0.00207420378529024, 0.436114411678255 
112.599999999998, 0.561326692857282, 0.00206299166431327, 0.436155671511541 
112.699999999998, 0.561296584537785, 0.00205183853557984, 0.436196708282253 
112.799999999998, 0.561266640598772, 0.00204074410643806, 0.436237523164382 
112.899999999998, 0.56123686015746, 0.00202970808549103, 0.436278117326092 
112.999999999998, 0.561207242335643, 0.00201873018259374, 0.436318491929743 
113.099999999998, 0.561177786259675, 0.00200781010884988, 0.43635864813192 
113.199999999998, 0.56114849106044, 0.00199694757660872, 0.436398587083453 
113.299999999998, 0.561119355873337, 0.00198614229946193, 0.436438309929442 
113.399999999998, 0.561090379838255, 0.00197539399224036, 0.436477817809287 
113.499999999998, 0.561061562099554, 0.00196470237101081, 0.436517111856707 
113.599999999998, 0.561032901806039, 0.00195406715307283, 0.436556193199768 
113.699999999998, 0.561004398110944, 0.0019434880569554, 0.436595062960907 
113.799999999998, 0.560976050171905, 0.00193296480241371, 0.436633722256956 
113.899999999998, 0.560947857150946, 0.00192249711042586, 0.436672172199164 
113.999999999998, 0.56091981821445, 0.00191208470318948, 0.436710413893228 
114.099999999998, 0.560891932533143, 0.00190172730411851, 0.43674844843931 
114.199999999998, 0.560864199282071, 0.00189142463783975, 0.436786276932067 
114.299999999998, 0.560836617640581, 0.00188117643018956, 0.436823900460671 
114.399999999998, 0.560809186792297, 0.00187098240821049, 0.436861320108835 
114.499999999998, 0.560781905925103, 0.00186084230014782, 0.436898536954838 
114.599999999998, 0.560754774231119, 0.00185075583544624, 0.436935552071547 
114.699999999998, 0.560727790906681, 0.00184072274474637, 0.436972366526442 
114.799999999998, 0.560700955152325, 0.00183074275988134, 0.43700898138164 
114.899999999998, 0.560674266172758, 0.00182081561387335, 0.437045397693917 
114.999999999998, 0.560647723176846, 0.0018109410409302, 0.437081616514736 
115.099999999998, 0.56062132537759, 0.00180111877644181, 0.437117638890265 
115.199999999998, 0.560595071992104, 0.00179134855697677, 0.437153465861404 
115.299999999998, 0.560568962241599, 0.00178163012027877, 0.43718909846381 
115.399999999998, 0.560542995351361, 0.00177196320526315, 0.437224537727915 
115.499999999998, 0.56051717055073, 0.00176234755201337, 0.437259784678955 
115.599999999998, 0.560491487073082, 0.00175278290177746, 0.437294840336991 
115.699999999998, 0.560465944155809, 0.00174326899696448, 0.43732970571693 
115.799999999998, 0.560440541040297, 0.00173380558114097, 0.437364381828553 
115.899999999998, 0.56041527697191, 0.00172439239902738, 0.437398869676534 
115.999999999998, 0.560390151199968, 0.00171502919649453, 0.437433170260463 
116.099999999998, 0.560365162977729, 0.00170571572055998, 0.437467284574875 
116.199999999998, 0.560340311562368, 0.00169645171938446, 0.437501213609262 
116.299999999998, 0.560315596214958, 0.00168723694226828, 0.437534958348108 
116.399999999998, 0.560291016200453, 0.00167807113964773, 0.437568519770901 
116.499999999998, 0.560266570787667, 0.00166895406309143, 0.437601898852162 
116.599999999998, 0.560242259249254, 0.00165988546529673, 0.437635096561468 
116.699999999998, 0.560218080861691, 0.00165086510008609, 0.43766811386347 
116.799999999998, 0.56019403490526, 0.0016418927224034, 0.437700951717918 
116.899999999998, 0.560170120664025, 0.00163296808831041, 0.437733611079684 
116.999999999998, 0.560146337425817, 0.00162409095498301, 0.437766092898784 
117.099999999998, 0.560122684482215, 0.00161526108070761, 0.437798398120398 
117.199999999998, 0.560099161128526, 0.00160647822487746, 0.437830527684896 
117.299999999998, 0.560075766663766, 0.00159774214798901, 0.437862482527856 
117.399999999998, 0.560052500390646, 0.00158905261163821, 0.437894263580088 
117.499999999998, 0.560029361615548, 0.00158040937851685, 0.437925871767659 
117.599999999998, 0.560006349648509, 0.00157181221240886, 0.437957308011907 
117.699999999998, 0.559983463803204, 0.00156326087818666, 0.437988573229471 
117.799999999998, 0.559960703396928, 0.00155475514180743, 0.438019668332307 
117.899999999998, 0.559938067750575, 0.00154629477030943, 0.438050594227713 
117.999999999998, 0.559915556188623, 0.00153787953180833, 0.438081351818349 
118.099999999998, 0.559893168039114, 0.00152950919549345, 0.438111942002259 
118.199999999998, 0.55987090263364, 0.00152118353162414, 0.438142365672891 
118.299999999998, 0.55984875930732, 0.00151290231152597, 0.438172623719122 
118.399999999998, 0.559826737398786, 0.00150466530758714, 0.438202717025274 
118.499999999998, 0.559804836250166, 0.00149647229325465, 0.438232646471139 
118.599999999998, 0.559783055207062, 0.00148832304303067, 0.438262412931999 
118.699999999998, 0.559761393618537, 0.00148021733246882, 0.438292017278649 
118.799999999998, 0.559739850837098, 0.00147215493817039, 0.438321460377412 
118.899999999998, 0.559718426218675, 0.00146413563778069, 0.438350743090168 
118.999999999998, 0.559697119122607, 0.00145615920998531, 0.438379866274368 
119.099999999998, 0.559675928911621, 0.00144822543450639, 0.438408830783058 
119.199999999998, 0.559654854951823, 0.00144033409209891, 0.4384376374649 
119.299999999997, 0.559633896612671, 0.00143248496454695, 0.438466287164191 
119.399999999997, 0.559613053266964, 0.00142467783466001, 0.438494780720884 
119.499999999997, 0.559592324290827, 0.00141691248626925, 0.438523118970609 
119.599999999997, 0.559571709063688, 0.00140918870422378, 0.438551302744694 
119.699999999997, 0.559551206968266, 0.00140150627438696, 0.438579332870181 
119.799999999997, 0.559530817390553, 0.00139386498363265, 0.438607210169854 
119.899999999997, 0.559510539719799, 0.00138626461984151, 0.438634935462251 
119.999999999997, 0.559490373348492, 0.00137870497189727, 0.438662509561689 